date,vo2Max
2016-12-25,41-45
2016-12-26,42-46
2016-12-27,42-46
2016-12-28,42-46
2016-12-29,42-46
2016-12-30,42-46
2016-12-31,42-46
2017-01-01,42-46
2017-01-02,42-46
2017-01-03,43-47
2017-01-04,43-47
2017-01-05,43-47
2017-01-06,43-47
2017-01-07,43-47
2017-01-08,45
2017-01-09,45
2017-01-10,45
2017-01-11,45
2017-01-12,45
2017-01-13,45
2017-01-14,45
2017-01-15,45
2017-01-16,45
2017-01-17,45
2017-01-18,45
2017-01-19,45
2017-01-20,45
2017-01-21,45
2017-01-22,45
2017-01-23,45
2017-01-24,45
2017-01-25,45
2017-01-26,45
2017-01-27,45
2017-01-28,45
2017-01-29,45
2017-01-30,45
2017-01-31,45
2017-02-01,45
2017-02-02,45
2017-02-03,45
2017-02-04,45
2017-02-05,46
2017-02-06,46
2017-02-07,46
2017-02-08,46
2017-02-09,46
2017-02-10,46
2017-02-11,46
2017-02-12,46
2017-02-13,46
2017-02-14,46
2017-02-15,46
2017-02-16,46
2017-02-17,45
2017-02-18,45
2017-02-19,44
2017-02-20,44
2017-02-21,44
2017-02-22,44
2017-02-23,44
2017-02-24,44
2017-02-25,44
2017-02-26,44
2017-02-27,44
2017-02-28,44
2017-03-01,44
2017-03-02,44
2017-03-03,44
2017-03-04,44
2017-03-05,44
2017-03-06,44
2017-03-07,44
2017-03-08,44
2017-03-09,44
2017-03-10,44
2017-03-11,44
2017-03-12,44
2017-03-13,44
2017-03-14,44
2017-03-15,44
2017-03-16,44
2017-03-17,44
2017-03-18,44
2017-03-19,44
2017-03-20,44
2017-03-21,44
2017-03-22,44
2017-03-23,44
2017-03-24,44
2017-03-25,44
2017-03-26,44
2017-03-27,44
2017-03-28,44
2017-03-29,44
2017-03-30,44
2017-03-31,44
2017-04-01,44
2017-04-02,44
2017-04-03,44
2017-04-04,44
2017-04-05,44
2017-04-06,44
2017-04-07,44
2017-04-08,44
2017-04-09,44
2017-04-10,44
2017-04-11,44
2017-04-12,44
2017-04-13,44
2017-04-14,44
2017-04-15,44
2017-04-16,44
2017-04-17,44
2017-04-18,44
2017-04-19,44
2017-04-20,44
2017-04-21,44
2017-04-22,44
2017-04-23,44
2017-04-24,44
2017-04-25,44
2017-04-26,44
2017-04-27,44
2017-04-28,44
2017-04-29,44
2017-04-30,44
2017-05-01,44
2017-05-02,44
2017-05-03,44
2017-05-04,44
2017-05-05,44
2017-05-06,44
2017-05-07,44
2017-05-08,44
2017-05-09,44
2017-05-10,44
2017-05-11,44
2017-05-12,44
2017-05-13,44
2017-05-14,44
2017-05-15,44
2017-05-16,44
2017-05-17,44
2017-05-18,44
2017-05-19,40-44
2017-05-20,40-44
2017-05-21,40-44
2017-05-22,40-44
2017-05-23,40-44
2017-05-24,40-44
2017-05-25,40-44
2017-05-26,41-45
2017-05-27,41-45
2017-05-28,41-45
2017-05-29,41-45
2017-05-30,45
2017-05-31,45
2017-06-01,45
2017-06-02,45
2017-06-03,45
2017-06-04,45
2017-06-05,45
2017-06-06,45
2017-06-07,45
2017-06-08,45
2017-06-09,45
2017-06-10,45
2017-06-11,45
2017-06-12,45
2017-06-13,45
2017-06-14,45
2017-06-15,45
2017-06-16,45
2017-06-17,45
2017-06-18,45
2017-06-19,45
2017-06-20,45
2017-06-21,45
2017-06-22,45
2017-06-23,45
2017-06-24,45
2017-06-25,45
2017-06-26,45
2017-06-27,45
2017-06-28,45
2017-06-29,45
2017-06-30,45
2017-07-01,45
2017-07-02,45
2017-07-03,45
2017-07-04,45
2017-07-05,45
2017-07-06,45
2017-07-07,45
2017-07-08,45
2017-07-09,45
2017-07-10,45
2017-07-11,45
2017-07-12,45
2017-07-13,45
2017-07-14,45
2017-07-15,45
2017-07-16,45
2017-07-17,45
2017-07-18,45
2017-07-19,45
2017-07-20,45
2017-07-21,45
2017-07-22,45
2017-07-23,45
2017-07-24,45
2017-07-25,45
2017-07-26,45
2017-07-27,45
2017-07-28,45
2017-07-29,45
2017-07-30,45
2017-07-31,45
2017-08-01,45
2017-08-02,45
2017-08-03,45
2017-08-04,45
2017-08-05,45
2017-08-06,45
2017-08-07,45
2017-08-08,45
2017-08-09,45
2017-08-10,45
2017-08-11,45
2017-08-12,45
2017-08-13,45
2017-08-14,45
2017-08-15,45
2017-08-16,45
2017-08-17,45
2017-08-18,45
2017-08-19,45
2017-08-20,45
2017-08-21,45
2017-08-22,45
2017-08-23,45
2017-08-24,45
2017-08-25,45
2017-08-26,45
2017-08-27,45
2017-08-28,45
2017-08-29,45
2017-08-30,40-44
2017-08-31,41-45
2017-09-01,41-45
2017-09-02,41-45
2017-09-03,41-45
2017-09-04,41-45
2017-09-05,41-45
2017-09-06,41-45
2017-09-07,41-45
2017-09-08,41-45
2017-09-09,41-45
2017-09-10,41-45
2017-09-11,41-45
2017-09-12,41-45
2017-09-13,41-45
2017-09-14,41-45
2017-09-15,41-45
2017-09-16,41-45
2017-09-17,41-45
2017-09-18,41-45
2017-09-19,41-45
2017-09-20,41-45
2017-09-21,41-45
2017-09-22,41-45
2017-09-23,41-45
2017-09-24,41-45
2017-09-25,41-45
2017-09-26,41-45
2017-09-27,41-45
2017-09-28,41-45
2017-09-29,41-45
2017-09-30,41-45
2017-10-01,41-45
2017-10-02,41-45
2017-10-03,41-45
2017-10-04,41-45
2017-10-05,41-45
2017-10-06,41-45
2017-10-07,41-45
2017-10-08,41-45
2017-10-09,41-45
2017-10-10,41-45
2017-10-11,41-45
2017-10-12,41-45
2017-10-13,41-45
2017-10-14,40-44
2017-10-15,40-44
2017-10-16,40-44
2017-10-17,40-44
2017-10-18,40-44
2017-10-19,40-44
2017-10-20,40-44
2017-10-21,40-44
2017-10-22,40-44
2017-10-23,40-44
2017-10-24,40-44
2017-10-25,40-44
2017-10-26,40-44
2017-10-27,40-44
2017-10-28,41-45
2017-10-29,41-45
2017-10-30,41-45
2017-10-31,41-45
2017-11-01,41-45
2017-11-02,41-45
2017-11-03,40-44
2017-11-04,40-44
2017-11-05,40-44
2017-11-06,40-44
2017-11-07,40-44
2017-11-08,40-44
2017-11-09,40-44
2017-11-10,39-43
2017-11-11,39-43
2017-11-12,39-43
2017-11-13,39-43
2017-11-14,39-43
2017-11-15,39-43
2017-11-16,38-42
2017-11-17,38-42
2017-11-18,38-42
2017-11-19,38-42
2017-11-20,38-42
2017-11-21,38-42
2017-11-22,38-42
2017-11-23,38-42
2017-11-24,38-42
2017-11-25,38-42
2017-11-26,38-42
2017-11-27,39-43
2017-11-28,39-43
2017-11-29,38-42
2017-11-30,38-42
2017-12-01,38-42
2017-12-02,38-42
2017-12-03,38-42
2017-12-04,38-42
2017-12-05,38-42
2017-12-06,38-42
2017-12-07,38-42
2017-12-08,38-42
2017-12-09,38-42
2017-12-10,38-42
2017-12-11,38-42
2017-12-12,38-42
2017-12-13,38-42
2017-12-14,37-41
2017-12-15,37-41
2017-12-16,37-41
2017-12-17,37-41
2017-12-18,37-41
2017-12-19,37-41
2017-12-20,37-41
2017-12-21,37-41
2017-12-22,38-42
2017-12-23,38-42
2017-12-24,38-42
2017-12-25,38-42
2017-12-26,38-42
2017-12-27,38-42
2017-12-28,39-43
2017-12-29,39-43
2017-12-30,39-43
2017-12-31,39-43
2018-01-01,39-43
2018-01-02,39-43
2018-01-03,39-43
2018-01-04,39-43
2018-01-05,40-44
2018-01-06,40-44
2018-01-07,40-44
2018-01-08,40-44
2018-01-09,40-44
2018-01-10,40-44
2018-01-11,39-43
2018-01-12,39-43
2018-01-13,39-43
2018-01-14,39-43
2018-01-15,39-43
2018-01-16,39-43
2018-01-17,39-43
2018-01-18,39-43
2018-01-19,39-43
2018-01-20,39-43
2018-01-21,39-43
2018-01-22,39-43
2018-01-23,39-43
2018-01-24,39-43
2018-01-25,39-43
2018-01-26,39-43
2018-01-27,39-43
2018-01-28,40-44
2018-01-29,40-44
2018-01-30,40-44
2018-01-31,40-44
2018-02-01,40-44
2018-02-02,40-44
2018-02-03,40-44
2018-02-04,40-44
2018-02-05,40-44
2018-02-06,40-44
2018-02-07,40-44
2018-02-08,40-44
2018-02-09,40-44
2018-02-10,40-44
2018-02-11,40-44
2018-02-12,40-44
2018-02-13,40-44
2018-02-14,40-44
2018-02-15,40-44
2018-02-16,40-44
2018-02-17,40-44
2018-02-18,40-44
2018-02-19,40-44
2018-02-20,40-44
2018-02-21,40-44
2018-02-22,40-44
2018-02-23,40-44
2018-02-24,40-44
2018-02-25,40-44
2018-02-26,41-45
2018-02-27,41-45
2018-02-28,41-45
2018-03-01,41-45
2018-03-02,41-45
2018-03-03,41-45
2018-03-04,41-45
2018-03-05,41-45
2018-03-06,41-45
2018-03-07,41-45
2018-03-08,41-45
2018-03-09,40-44
2018-03-10,40-44
2018-03-11,40-44
2018-03-12,40-44
2018-03-13,40-44
2018-03-14,40-44
2018-03-15,40-44
2018-03-16,40-44
2018-03-17,40-44
2018-03-18,40-44
2018-03-19,40-44
2018-03-20,40-44
2018-03-21,41-45
2018-03-22,41-45
2018-03-23,41-45
2018-03-24,41-45
2018-03-25,41-45
2018-03-26,41-45
2018-03-27,41-45
2018-03-28,42-46
2018-03-29,42-46
2018-03-30,42-46
2018-03-31,42-46
2018-04-01,42-46
2018-04-02,42-46
2018-04-03,42-46
2018-04-04,42-46
2018-04-05,42-46
2018-04-06,42-46
2018-04-07,42-46
2018-04-08,42-46
2018-04-09,42-46
2018-04-10,42-46
2018-04-11,42-46
2018-04-12,42-46
2018-04-13,42-46
2018-04-14,42-46
2018-04-15,41-45
2018-04-16,41-45
2018-04-17,41-45
2018-04-18,41-45
2018-04-19,41-45
2018-04-20,41-45
2018-04-21,41-45
2018-04-22,41-45
2018-04-23,41-45
2018-04-24,42-46
2018-04-25,42-46
2018-04-26,42-46
2018-04-27,42-46
2018-04-28,42-46
2018-04-29,42-46
2018-04-30,42-46
2018-05-01,42-46
2018-05-02,42-46
2018-05-03,42-46
2018-05-04,42-46
2018-05-05,42-46
2018-05-06,42-46
2018-05-07,42-46
2018-05-08,42-46
2018-05-09,42-46
2018-05-10,42-46
2018-05-11,42-46
2018-05-12,42-46
2018-05-13,41-45
2018-05-14,41-45
2018-05-15,41-45
2018-05-16,41-45
2018-05-17,41-45
2018-05-18,41-45
2018-05-19,41-45
2018-05-20,41-45
2018-05-21,41-45
2018-05-22,41-45
2018-05-23,41-45
2018-05-24,41-45
2018-05-25,42-46
2018-05-26,42-46
2018-05-27,42-46
2018-05-28,42-46
2018-05-29,42-46
2018-05-30,43-47
2018-05-31,43-47
2018-06-01,43-47
2018-06-02,43-47
2018-06-03,43-47
2018-06-04,43-47
2018-06-05,43-47
2018-06-06,43-47
2018-06-07,43-47
2018-06-08,43-47
2018-06-09,41
2018-06-10,41
2018-06-11,41
2018-06-12,41
2018-06-13,41
2018-06-14,41
2018-06-15,41
2018-06-16,41
2018-06-17,41
2018-06-18,42
2018-06-19,42
2018-06-20,42
2018-06-21,42
2018-06-22,42
2018-06-23,42
2018-06-24,42
2018-06-25,42
2018-06-26,42
2018-06-27,42
2018-06-28,42
2018-06-29,42
2018-06-30,42
2018-07-01,42
2018-07-02,42
2018-07-03,42
2018-07-04,42
2018-07-05,42
2018-07-06,42
2018-07-07,42
2018-07-08,42
2018-07-09,42
2018-07-10,42
2018-07-11,42
2018-07-12,42
2018-07-13,42
2018-07-14,42
2018-07-15,42
2018-07-16,42
2018-07-17,42
2018-07-18,42
2018-07-19,42
2018-07-20,42
2018-07-21,42
2018-07-22,42
2018-07-23,42
2018-07-24,42
2018-07-25,42
2018-07-26,42
2018-07-27,42
2018-07-28,42
2018-07-29,42
2018-07-30,42
2018-07-31,42
2018-08-01,42
2018-08-02,42
2018-08-03,42
2018-08-04,42
2018-08-05,42
2018-08-06,42
2018-08-07,42
2018-08-08,42
2018-08-09,42
2018-08-10,42
2018-08-11,42
2018-08-12,42
2018-08-13,42
2018-08-14,42
2018-08-15,42
2018-08-16,42
2018-08-17,42
2018-08-18,42
2018-08-19,42
2018-08-20,42
2018-08-21,42
2018-08-22,42
2018-08-23,42
2018-08-24,42
2018-08-25,42
2018-08-26,42
2018-08-27,42
2018-08-28,42
2018-08-29,42
2018-08-30,42
2018-08-31,42
2018-09-01,42
2018-09-02,42
2018-09-03,42
2018-09-04,42
2018-09-05,42
2018-09-06,42
2018-09-07,42
2018-09-08,42
2018-09-09,42
2018-09-10,42
2018-09-11,42
2018-09-12,42
2018-09-13,42
2018-09-14,42
2018-09-15,42
2018-09-16,42
2018-09-17,42
2018-09-18,41-45
2018-09-19,41-45
2018-09-20,41-45
2018-09-21,42-46
2018-09-22,41-45
2018-09-23,41-45
2018-09-24,41-45
2018-09-25,41-45
2018-09-26,41-45
2018-09-27,41-45
2018-09-28,41-45
2018-09-29,41-45
2018-09-30,41-45
2018-10-01,41-45
2018-10-02,40-44
2018-10-03,40-44
2018-10-04,40-44
2018-10-05,40-44
2018-10-06,40-44
2018-10-07,39-43
2018-10-08,39-43
2018-10-09,39-43
2018-10-10,39-43
2018-10-11,40-44
2018-10-12,40-44
2018-10-13,40-44
2018-10-14,40-44
2018-10-15,40-44
2018-10-16,40-44
2018-10-17,40-44
2018-10-18,40-44
2018-10-19,40-44
2018-10-20,40-44
2018-10-21,41-45
2018-10-22,41-45
2018-10-23,41-45
2018-10-24,41-45
2018-10-25,41-45
2018-10-26,41-45
2018-10-27,41-45
2018-10-28,40-44
2018-10-29,40-44
2018-10-30,40-44
2018-10-31,40-44
2018-11-01,40-44
2018-11-02,40-44
2018-11-03,39-43
2018-11-04,39-43
2018-11-05,39-43
2018-11-06,39-43
2018-11-07,38-42
2018-11-08,38-42
2018-11-09,38-42
2018-11-10,38-42
2018-11-11,38-42
2018-11-12,39-43
2018-11-13,39-43
2018-11-14,39-43
2018-11-15,39-43
2018-11-16,39-43
2018-11-17,39-43
2018-11-18,39-43
2018-11-19,39-43
2018-11-20,39-43
2018-11-21,39-43
2018-11-22,39-43
2018-11-23,39-43
2018-11-24,39-43
2018-11-25,39-43
2018-11-26,39-43
2018-11-27,39-43
2018-11-28,38-42
2018-11-29,38-42
2018-11-30,38-42
2018-12-01,38-42
2018-12-02,38-42
2018-12-03,38-42
2018-12-04,38-42
2018-12-05,38-42
2018-12-06,38-42
2018-12-07,38-42
2018-12-08,38-42
2018-12-09,38-42
2018-12-10,38-42
2018-12-11,38-42
2018-12-12,38-42
2018-12-13,39-43
2018-12-14,39-43
2018-12-15,39-43
2018-12-16,39-43
2018-12-17,39-43
2018-12-18,39-43
2018-12-19,39-43
2018-12-20,39-43
2018-12-21,39-43
2018-12-22,39-43
2018-12-23,39-43
2018-12-24,39-43
2018-12-25,39-43
2018-12-26,39-43
2018-12-27,39-43
2018-12-28,39-43
2018-12-29,39-43
2018-12-30,39-43
2018-12-31,38-42
2019-01-01,38-42
2019-01-02,38-42
2019-01-03,38-42
2019-01-04,39-43
2019-01-05,39-43
2019-01-06,39-43
2019-01-07,39-43
2019-01-08,39-43
2019-01-09,39-43
2019-01-10,39-43
2019-01-11,39-43
2019-01-12,39-43
2019-01-13,39-43
2019-01-14,39-43
2019-01-15,39-43
2019-01-16,39-43
2019-01-17,39-43
2019-01-18,39-43
2019-01-19,39-43
2019-01-20,39-43
2019-01-21,39-43
2019-01-22,39-43
2019-01-23,39-43
2019-01-24,39-43
2019-01-25,39-43
2019-01-26,39-43
2019-01-27,39-43
2019-01-28,39-43
2019-01-29,39-43
2019-01-30,39-43
2019-01-31,39-43
2019-02-01,39-43
2019-02-02,39-43
2019-02-03,39-43
2019-02-04,39-43
2019-02-05,39-43
2019-02-06,39-43
2019-02-07,38-42
2019-02-08,38-42
2019-02-09,38-42
2019-02-10,38-42
2019-02-11,38-42
2019-02-12,37-41
2019-02-13,38-42
2019-02-14,37-41
2019-02-15,38-42
2019-02-16,38-42
2019-02-17,38-42
2019-02-18,38-42
2019-02-19,38-42
2019-02-20,38-42
2019-02-21,38-42
2019-02-22,38-42
2019-02-23,38-42
2019-02-24,38-42
2019-02-25,38-42
2019-02-26,38-42
2019-02-27,38-42
2019-02-28,38-42
2019-03-01,38-42
2019-03-02,38-42
2019-03-03,38-42
2019-03-04,38-42
2019-03-05,38-42
2019-03-06,38-42
2019-03-07,38-42
2019-03-08,38-42
2019-03-09,38-42
2019-03-10,38-42
2019-03-11,38-42
2019-03-12,38-42
2019-03-13,38-42
2019-03-14,38-42
2019-03-15,38-42
2019-03-16,38-42
2019-03-17,38-42
2019-03-18,38-42
2019-03-19,38-42
2019-03-20,39-43
2019-03-21,39-43
2019-03-22,39-43
2019-03-23,39-43
2019-03-24,39-43
2019-03-25,39-43
2019-03-26,39-43
2019-03-27,39-43
2019-03-28,39-43
2019-03-29,39-43
2019-03-30,39-43
2019-03-31,39-43
2019-04-01,39-43
2019-04-02,39-43
2019-04-03,39-43
2019-04-04,39-43
2019-04-05,39-43
2019-04-06,39-43
2019-04-07,39-43
2019-04-08,39-43
2019-04-09,39-43
2019-04-10,39-43
2019-04-11,39-43
2019-04-12,39-43
2019-04-13,39-43
2019-04-14,39-43
2019-04-15,39-43
2019-04-16,39-43
2019-04-17,39-43
2019-04-18,39-43
2019-04-19,39-43
2019-04-20,37
2019-04-21,37
2019-04-22,37
2019-04-23,37
2019-04-24,37
2019-04-25,37
2019-04-26,37
2019-04-27,37
2019-04-28,37
2019-04-29,37
2019-04-30,37
2019-05-01,37
2019-05-02,37
2019-05-03,37
2019-05-04,37
2019-05-05,37
2019-05-06,37
2019-05-07,37
2019-05-08,37
2019-05-09,37
2019-05-10,37
2019-05-11,37
2019-05-12,37
2019-05-13,37
2019-05-14,37
2019-05-15,37
2019-05-16,37
2019-05-17,37
2019-05-18,37
2019-05-19,37
2019-05-20,37
2019-05-21,37
2019-05-22,37
2019-05-23,37
2019-05-24,37
2019-05-25,37
2019-05-26,37
2019-05-27,37
2019-05-28,37
2019-05-29,37
2019-05-30,37
2019-05-31,37
2019-06-01,37
2019-06-02,37
2019-06-03,37
2019-06-04,37
2019-06-05,37
2019-06-06,37
2019-06-07,37
2019-06-08,37
2019-06-09,37
2019-06-10,37
2019-06-11,37
2019-06-12,37
2019-06-13,37
2019-06-14,37
2019-06-15,37
2019-06-16,37
2019-06-17,37
2019-06-18,37
2019-06-19,37
2019-06-20,37
2019-06-21,37
2019-06-22,37
2019-06-23,37
2019-06-24,37
2019-06-25,37
2019-06-26,37
2019-06-27,37
2019-06-28,37
2019-06-29,37
2019-06-30,37
2019-07-01,37
2019-07-02,37
2019-07-03,37
2019-07-04,37
2019-07-05,37
2019-07-06,37
2019-07-07,37
2019-07-08,37
2019-07-09,37
2019-07-10,37
2019-07-11,37
2019-07-12,37
2019-07-13,37
2019-07-14,37
2019-07-15,37
2019-07-16,37
2019-07-17,37
2019-07-18,37
2019-07-19,37
2019-07-20,42-46
2019-07-21,42-46
2019-07-22,42-46
2019-07-23,42-46
2019-07-24,42-46
2019-07-25,42-46
2019-07-26,42-46
2019-07-27,42-46
2019-07-28,42-46
2019-07-29,43-47
2019-07-30,43-47
2019-07-31,43-47
2019-08-01,43-47
2019-08-02,43-47
2019-08-03,43-47
2019-08-04,43-47
2019-08-05,44-48
2019-08-06,44-48
2019-08-07,44-48
2019-08-08,44-48
2019-08-09,44-48
2019-08-10,44-48
2019-08-11,44-48
2019-08-12,44-48
2019-08-13,44-48
2019-08-14,44-48
2019-08-15,44-48
2019-08-16,44-48
2019-08-17,44-48
2019-08-18,44-48
2019-08-19,44-48
2019-08-20,43-47
2019-08-21,43-47
2019-08-22,42-46
2019-08-23,42-46
2019-08-24,42-46
2019-08-25,42-46
2019-08-26,42-46
2019-08-27,42-46
2019-08-28,42-46
2019-08-29,42-46
2019-08-30,42-46
2019-08-31,42-46
2019-09-01,42-46
2019-09-02,42-46
2019-09-03,42-46
2019-09-04,42-46
2019-09-05,43-47
2019-09-06,43-47
2019-09-07,43-47
2019-09-08,43-47
2019-09-09,43-47
2019-09-10,43-47
2019-09-11,43-47
2019-09-12,43-47
2019-09-13,43-47
2019-09-14,43-47
2019-09-15,43-47
2019-09-16,43-47
2019-09-17,42-46
2019-09-18,42-46
2019-09-19,42-46
2019-09-20,42-46
2019-09-21,42-46
2019-09-22,42-46
2019-09-23,42-46
2019-09-24,42-46
2019-09-25,42-46
2019-09-26,42-46
2019-09-27,42-46
2019-09-28,42-46
2019-09-29,42-46
2019-09-30,42-46
2019-10-01,42-46
2019-10-02,42-46
2019-10-03,42-46
2019-10-04,42-46
2019-10-05,42-46
2019-10-06,42-46
2019-10-07,42-46
2019-10-08,42-46
2019-10-09,42-46
2019-10-10,42-46
2019-10-11,41-45
2019-10-12,41-45
2019-10-13,41-45
2019-10-14,41-45
2019-10-15,41-45
2019-10-16,41-45
2019-10-17,41-45
2019-10-18,41-45
2019-10-19,41-45
2019-10-20,41-45
2019-10-21,41-45
2019-10-22,42-46
2019-10-23,42-46
2019-10-24,42-46
2019-10-25,42-46
2019-10-26,42-46
2019-10-27,42-46
2019-10-28,42-46
2019-10-29,41-45
2019-10-30,41-45
2019-10-31,41-45
2019-11-01,41-45
2019-11-02,41-45
2019-11-03,41-45
2019-11-04,41-45
2019-11-05,41-45
2019-11-06,41-45
2019-11-07,41-45
2019-11-08,41-45
2019-11-09,40-44
2019-11-10,41-45
2019-11-11,41-45
2019-11-12,41-45
2019-11-13,41-45
2019-11-14,41-45
2019-11-15,41-45
2019-11-16,41-45
2019-11-17,41-45
2019-11-18,41-45
2019-11-19,41-45
2019-11-20,42-46
2019-11-21,42-46
2019-11-22,41-45
2019-11-23,41-45
2019-11-24,41-45
2019-11-25,41-45
2019-11-26,41-45
2019-11-27,41-45
2019-11-28,41-45
2019-11-29,41-45
2019-11-30,41-45
2019-12-01,41-45
2019-12-02,40-44
2019-12-03,40-44
2019-12-04,40-44
2019-12-05,40-44
2019-12-06,40-44
2019-12-07,40-44
2019-12-08,40-44
2019-12-09,40-44
2019-12-10,40-44
2019-12-11,40-44
2019-12-12,40-44
2019-12-13,40-44
2019-12-14,40-44
2019-12-15,40-44
2019-12-16,40-44
2019-12-17,41-45
2019-12-18,41-45
2019-12-19,41-45
2019-12-20,41-45
2019-12-21,41-45
2019-12-22,41-45
2019-12-23,41-45
2019-12-24,41-45
2019-12-25,41-45
2019-12-26,41-45
2019-12-27,41-45
2019-12-28,41-45
2019-12-29,41-45
2019-12-30,41-45
2019-12-31,41-45
2020-01-01,41-45
2020-01-02,41-45
2020-01-03,40-44
2020-01-04,40-44
2020-01-05,40-44
2020-01-06,40-44
2020-01-07,40-44
2020-01-08,40-44
2020-01-09,40-44
2020-01-10,40-44
2020-01-11,41-45
2020-01-12,41-45
2020-01-13,41-45
2020-01-14,41-45
2020-01-15,41-45
2020-01-16,41-45
2020-01-17,41-45
2020-01-18,41-45
2020-01-19,41-45
2020-01-20,41-45
2020-01-21,41-45
2020-01-22,41-45
2020-01-23,41-45
2020-01-24,41-45
2020-01-25,42-46
2020-01-26,42-46
2020-01-27,42-46
2020-01-28,42-46
2020-01-29,42-46
2020-01-30,42-46
2020-01-31,42-46
2020-02-01,42-46
2020-02-02,42-46
2020-02-03,43-47
2020-02-04,43-47
2020-02-05,43-47
2020-02-06,43-47
2020-02-07,42-46
2020-02-08,42-46
2020-02-09,42-46
2020-02-10,42-46
2020-02-11,42-46
2020-02-12,42-46
2020-02-13,42-46
2020-02-14,42-46
2020-02-15,42-46
2020-02-16,42-46
2020-02-17,42-46
2020-02-18,42-46
2020-02-19,42-46
2020-02-20,42-46
2020-02-21,42-46
2020-02-22,42-46
2020-02-23,42-46
2020-02-24,42-46
2020-02-25,42-46
2020-02-26,42-46
2020-02-27,43-47
2020-02-28,43-47
2020-02-29,43-47
2020-03-01,43-47
2020-03-02,43-47
2020-03-03,43-47
2020-03-04,43-47
2020-03-05,43-47
2020-03-06,43-47
2020-03-07,43-47
2020-03-08,43-47
2020-03-09,43-47
2020-03-10,43-47
2020-03-11,43-47
2020-03-12,43-47
2020-03-13,43-47
2020-03-14,43-47
2020-03-15,43-47
2020-03-16,43-47
2020-03-17,43-47
2020-03-18,43-47
2020-03-19,43-47
2020-03-20,43-47
2020-03-21,44-48
2020-03-22,44-48
2020-03-23,44-48
2020-03-24,44-48
2020-03-25,44-48
2020-03-26,43-47
2020-03-27,43-47
2020-03-28,43-47
2020-03-29,43-47
2020-03-30,43-47
2020-03-31,43-47
2020-04-01,43-47
2020-04-02,43-47
2020-04-03,43-47
2020-04-04,43-47
2020-04-05,43-47
2020-04-06,43-47
2020-04-07,43-47
2020-04-08,43-47
2020-04-09,43-47
2020-04-10,43-47
2020-04-11,43-47
2020-04-12,43-47
2020-04-13,43-47
2020-04-14,43-47
2020-04-15,39
2020-04-16,39
2020-04-17,39
2020-04-18,39
2020-04-19,39
2020-04-20,39
2020-04-21,39
2020-04-22,39
2020-04-23,39
2020-04-24,39
2020-04-25,39
2020-04-26,39
2020-04-27,39
2020-04-28,39
2020-04-29,39
2020-04-30,39
2020-05-01,39
2020-05-02,39
2020-05-03,39
2020-05-04,39
2020-05-05,39
2020-05-06,39
2020-05-07,39
2020-05-08,39
2020-05-09,39
2020-05-10,39
2020-05-11,39
2020-05-12,39
2020-05-13,39
2020-05-14,39
2020-05-15,39
2020-05-16,39
2020-05-17,39
2020-05-18,39
2020-05-19,39
2020-05-20,39
2020-05-21,39
2020-05-22,39
2020-05-23,39
2020-05-24,39
2020-05-25,39
2020-05-26,39
2020-05-27,39
2020-05-28,39
2020-05-29,39
2020-05-30,39
2020-05-31,39
2020-06-01,39
2020-06-02,39
2020-06-03,39
2020-06-04,39
2020-06-05,39
2020-06-06,39
2020-06-07,39
2020-06-08,39
2020-06-09,39
2020-06-10,39
2020-06-11,39
2020-06-12,39
2020-06-13,39
2020-06-14,39
2020-06-15,39
2020-06-16,39
2020-06-17,39
2020-06-18,39
2020-06-19,39
2020-06-20,39
2020-06-21,39
2020-06-22,39
2020-06-23,39
2020-06-24,39
2020-06-25,39
2020-06-26,39
2020-06-27,39
2020-06-28,39
2020-06-29,39
2020-06-30,39
2020-07-01,39
2020-07-02,39
2020-07-03,39
2020-07-04,39
2020-07-05,39
2020-07-06,39
2020-07-07,39
2020-07-08,39
2020-07-09,39
2020-07-10,39
2020-07-11,39
2020-07-12,39
2020-07-13,39
2020-07-14,39
2020-07-15,44-48
2020-07-16,44-48
2020-07-17,44-48
2020-07-18,44-48
2020-07-19,44-48
2020-07-20,44-48
2020-07-21,44-48
2020-07-22,44-48
2020-07-23,44-48
2020-07-24,44-48
2020-07-25,44-48
2020-07-26,44-48
2020-07-27,44-48
2020-07-28,44-48
2020-07-29,44-48
2020-07-30,44-48
2020-07-31,44-48
2020-08-01,44-48
2020-08-02,44-48
2020-08-03,44-48
2020-08-04,44-48
2020-08-05,44-48
2020-08-06,44-48
2020-08-07,44-48
2020-08-08,43-47
2020-08-09,43-47
2020-08-10,43-47
2020-08-11,43-47
2020-08-12,43-47
2020-08-13,43-47
2020-08-14,44-48
2020-08-15,44-48
2020-08-16,44-48
2020-08-17,44-48
2020-08-18,44-48
2020-08-19,44-48
2020-08-20,44-48
2020-08-21,44-48
2020-08-22,44-48
2020-08-23,44-48
2020-08-24,44-48
2020-08-25,44-48
2020-08-26,44-48
2020-08-27,44-48
2020-08-28,44-48
2020-08-29,44-48
2020-08-30,43-47
2020-08-31,43-47
2020-09-01,43-47
2020-09-02,43-47
2020-09-03,43-47
2020-09-04,43-47
2020-09-05,43-47
2020-09-06,43-47
2020-09-07,43-47
2020-09-08,43-47
2020-09-09,42-46
2020-09-10,42-46
2020-09-11,42-46
2020-09-12,42-46
2020-09-13,42-46
2020-09-14,42-46
2020-09-15,42-46
2020-09-16,42-46
2020-09-17,42-46
2020-09-18,42-46
2020-09-19,42-46
2020-09-20,42-46
2020-09-21,42-46
2020-09-22,42-46
2020-09-23,42-46
2020-09-24,42-46
2020-09-25,42-46
2020-09-26,43-47
2020-09-27,43-47
2020-09-28,43-47
2020-09-29,43-47
2020-09-30,43-47
2020-10-01,43-47
2020-10-02,43-47
2020-10-03,43-47
2020-10-04,44-48
2020-10-05,44-48
2020-10-06,44-48
2020-10-07,44-48
2020-10-08,44-48
2020-10-09,44-48
2020-10-10,43-47
2020-10-11,43-47
2020-10-12,43-47
2020-10-13,43-47
2020-10-14,43-47
2020-10-15,43-47
2020-10-16,43-47
2020-10-17,39
2020-10-18,39
2020-10-19,39
2020-10-20,39
2020-10-21,39
2020-10-22,39
2020-10-23,40
2020-10-24,40
2020-10-25,40
2020-10-26,40
2020-10-27,40
2020-10-28,40
2020-10-29,40
2020-10-30,40
2020-10-31,40
2020-11-01,40
2020-11-02,40
2020-11-03,40
2020-11-04,40
2020-11-05,40
2020-11-06,40
2020-11-07,40
2020-11-08,40
2020-11-09,40
2020-11-10,40
2020-11-11,40
2020-11-12,40
2020-11-13,40
2020-11-14,40
2020-11-15,40
2020-11-16,38
2020-11-17,38
2020-11-18,40
2020-11-19,40
2020-11-20,40
2020-11-21,40
2020-11-22,40
2020-11-23,40
2020-11-24,40
2020-11-25,42
2020-11-26,42
2020-11-27,42
2020-11-28,42
2020-11-29,42
2020-11-30,42
2020-12-01,42
2020-12-02,42
2020-12-03,42
2020-12-04,42
2020-12-05,42
2020-12-06,42
2020-12-07,42
2020-12-08,42
2020-12-09,42
2020-12-10,42
2020-12-11,42
2020-12-12,42
2020-12-13,42
2020-12-14,42
2020-12-15,42
2020-12-16,42
2020-12-17,42
2020-12-18,42
2020-12-19,42
2020-12-20,42
2020-12-21,42
2020-12-22,42
2020-12-23,42
2020-12-24,42
2020-12-25,42
2020-12-26,42
2020-12-27,42
2020-12-28,42
2020-12-29,42
2020-12-30,42
2020-12-31,42
2021-01-01,42
2021-01-02,42
2021-01-03,42
2021-01-04,42
2021-01-05,42
2021-01-06,42
2021-01-07,42
2021-01-08,42
2021-01-09,42
2021-01-10,42
2021-01-11,42
2021-01-12,42
2021-01-13,43
2021-01-14,43
2021-01-15,43
2021-01-16,43
2021-01-17,43
2021-01-18,43
2021-01-19,43
2021-01-20,43
2021-01-21,43
2021-01-22,43
2021-01-23,43
2021-01-24,43
2021-01-25,43
2021-01-26,43
2021-01-27,43
2021-01-28,43
2021-01-29,43
2021-01-30,43
2021-01-31,43
2021-02-01,43
2021-02-02,43
2021-02-03,43
2021-02-04,43
2021-02-05,43
2021-02-06,43
2021-02-07,43
2021-02-08,43
2021-02-09,43
2021-02-10,43
2021-02-11,43
2021-02-12,43
2021-02-13,43
2021-02-14,43
2021-02-15,43
2021-02-16,43
2021-02-17,43
2021-02-18,44
2021-02-19,44
2021-02-20,44
2021-02-21,44
2021-02-22,44
2021-02-23,44
2021-02-24,44
2021-02-25,44
2021-02-26,44
2021-02-27,44
2021-02-28,44
2021-03-01,44
2021-03-02,44
2021-03-03,44
2021-03-04,44
2021-03-05,44
2021-03-06,44
2021-03-07,44
2021-03-08,44
2021-03-09,45
2021-03-10,45
2021-03-11,45
2021-03-12,45
2021-03-13,45
2021-03-14,45
2021-03-15,45
2021-03-16,45
2021-03-17,45
2021-03-18,45
2021-03-19,45
2021-03-20,45
2021-03-21,45
2021-03-22,45
2021-03-23,45
2021-03-24,45
2021-03-25,45
2021-03-26,45
2021-03-27,45
2021-03-28,45
2021-03-29,45
2021-03-30,45
2021-03-31,45
2021-04-01,45
2021-04-02,45
2021-04-03,45
2021-04-04,45
2021-04-05,45
2021-04-06,44
2021-04-07,45
2021-04-08,45
2021-04-09,45
2021-04-10,45
2021-04-11,45
2021-04-12,45
2021-04-13,45
2021-04-14,45
2021-04-15,45
2021-04-16,45
2021-04-17,45
2021-04-18,45
2021-04-19,45
2021-04-20,45
2021-04-21,45
2021-04-22,45
2021-04-23,45
2021-04-24,45
2021-04-25,45
2021-04-26,45
2021-04-27,45
2021-04-28,45
2021-04-29,45
2021-04-30,45
2021-05-01,45
2021-05-02,45
2021-05-03,45
2021-05-04,45
2021-05-05,45
2021-05-06,45
2021-05-07,45
2021-05-08,45
2021-05-09,45
2021-05-10,45
2021-05-11,45
2021-05-12,45
2021-05-13,45
2021-05-14,45
2021-05-15,45
2021-05-16,45
2021-05-17,45
2021-05-18,45
2021-05-19,45
2021-05-20,45
2021-05-21,45
2021-05-22,45
2021-05-23,45
2021-05-24,45
2021-05-25,45
2021-05-26,45
2021-05-27,45
2021-05-28,45
2021-05-29,45
2021-05-30,45
2021-05-31,45
2021-06-01,45
2021-06-02,45
2021-06-03,45
2021-06-04,45
2021-06-05,45
2021-06-06,45
2021-06-07,45
2021-06-08,45
2021-06-09,45
2021-06-10,45
2021-06-11,45
2021-06-12,45
2021-06-13,45
2021-06-14,45
2021-06-15,45
2021-06-16,45
2021-06-17,45
2021-06-18,45
2021-06-19,45
2021-06-20,45
2021-06-21,45
2021-06-22,45
2021-06-23,45
2021-06-24,45
2021-06-25,45
2021-06-26,45
2021-06-27,45
2021-06-28,45
2021-06-29,45
2021-06-30,45
2021-07-01,45
2021-07-02,45
2021-07-03,45
2021-07-04,45
2021-07-05,45
2021-07-06,45
2021-07-07,45
2021-07-08,45
2021-07-09,45
2021-07-10,45
2021-07-11,45
2021-07-12,45
2021-07-13,45
2021-07-14,45
2021-07-15,45
2021-07-16,45
2021-07-17,45
2021-07-18,45
2021-07-19,45
2021-07-20,45
2021-07-21,45
2021-07-22,45
2021-07-23,45
2021-07-24,45
2021-07-25,45
2021-07-26,45
2021-07-27,45
2021-07-28,45
2021-07-29,45
2021-07-30,41
2021-07-31,41
2021-08-01,41
2021-08-02,41
2021-08-03,41
2021-08-04,41
2021-08-05,41
2021-08-06,41
2021-08-07,41
2021-08-08,40
2021-08-09,40
2021-08-10,40
2021-08-11,40
2021-08-12,40
2021-08-13,40
2021-08-14,39
2021-08-15,39
2021-08-16,39
2021-08-17,39
2021-08-18,39
2021-08-19,39
2021-08-20,39
2021-08-21,39
2021-08-22,39
2021-08-23,39
2021-08-24,39
2021-08-25,39
2021-08-26,39
2021-08-27,39
2021-08-28,39
2021-08-29,39
2021-08-30,39
2021-08-31,39
2021-09-01,39
2021-09-02,39
2021-09-03,39
2021-09-04,39
2021-09-05,39
2021-09-06,39
2021-09-07,39
2021-09-08,39
2021-09-09,39
2021-09-10,39
2021-09-11,39
2021-09-12,39
2021-09-13,39
2021-09-14,39
2021-09-15,39
2021-09-16,39
2021-09-17,39
2021-09-18,39
2021-09-19,39
2021-09-20,39
2021-09-21,39
2021-09-22,39
2021-09-23,39
2021-09-24,39
2021-09-25,39
2021-09-26,39
2021-09-27,39
2021-09-28,39
2021-09-29,39
2021-09-30,39
2021-10-01,39
2021-10-02,40
2021-10-03,40
2021-10-04,40
2021-10-05,40
2021-10-06,40
2021-10-07,41
2021-10-08,41
2021-10-09,41
2021-10-10,41
2021-10-11,41
2021-10-12,41
2021-10-13,41
2021-10-14,41
2021-10-15,41
2021-10-16,41
2021-10-17,41
2021-10-18,41
2021-10-19,41
2021-10-20,41
2021-10-21,41
2021-10-22,41
2021-10-23,41
2021-10-24,41
2021-10-25,41
2021-10-26,41
2021-10-27,41
2021-10-28,41
2021-10-29,41
2021-10-30,41
2021-10-31,41
2021-11-01,41
2021-11-02,41
2021-11-03,41
2021-11-04,41
2021-11-05,41
2021-11-06,41
2021-11-07,41
2021-11-08,41
2021-11-09,41
2021-11-10,41
2021-11-11,41
2021-11-12,41
2021-11-13,41
2021-11-14,41
2021-11-15,41
2021-11-16,41
2021-11-17,41
2021-11-18,41
2021-11-19,41
2021-11-20,41
2021-11-21,41
2021-11-22,41
2021-11-23,41
2021-11-24,41
2021-11-25,41
2021-11-26,41
2021-11-27,41
2021-11-28,41
2021-11-29,41
2021-11-30,41
2021-12-01,41
2021-12-02,41
2021-12-03,41
2021-12-04,41
2021-12-05,42
2021-12-06,42
2021-12-07,42
2021-12-08,42
2021-12-09,42
2021-12-10,42
2021-12-11,42
2021-12-12,42
2021-12-13,42
2021-12-14,42
2021-12-15,42
2021-12-16,42
2021-12-17,42
2021-12-18,42
2021-12-19,42
2021-12-20,42
2021-12-21,42
2021-12-22,42
2021-12-23,42
2021-12-24,42
2021-12-25,42
2021-12-26,42
2021-12-27,42
2021-12-28,42
2021-12-29,42
2021-12-30,42
2021-12-31,42
2022-01-01,42
2022-01-02,42
2022-01-03,42
2022-01-04,42
2022-01-05,42
2022-01-06,42
2022-01-07,42
2022-01-08,42
2022-01-09,42
2022-01-10,42
2022-01-11,40
2022-01-12,40
2022-01-13,40
2022-01-14,40
2022-01-15,40
2022-01-16,40
2022-01-17,40
2022-01-18,40
2022-01-19,40
2022-01-20,40
2022-01-21,40
2022-01-22,40
2022-01-23,40
2022-01-24,40
2022-01-25,40
2022-01-26,40
2022-01-27,40
2022-01-28,40
2022-01-29,40
2022-01-30,40
2022-01-31,40
2022-02-01,40
2022-02-02,40
2022-02-03,40
2022-02-04,40
2022-02-05,40
2022-02-06,40
2022-02-07,40
2022-02-08,40
2022-02-09,40
2022-02-10,40
2022-02-11,40
2022-02-12,40
2022-02-13,40
2022-02-14,40
2022-02-15,40
2022-02-16,40
2022-02-17,40
2022-02-18,40
2022-02-19,40
2022-02-20,40
2022-02-21,40
2022-02-22,40
2022-02-23,40
2022-02-24,40
2022-02-25,40
2022-02-26,40
2022-02-27,40
2022-02-28,40
2022-03-01,40
2022-03-02,40
2022-03-03,40
2022-03-04,40
2022-03-05,40
2022-03-06,40
2022-03-07,40
2022-03-08,40
2022-03-09,40
2022-03-10,40
2022-03-11,40
2022-03-12,40
2022-03-13,40
2022-03-14,40
2022-03-15,40
2022-03-16,39
2022-03-17,39
2022-03-18,39
2022-03-19,39
2022-03-20,39
2022-03-21,39
2022-03-22,39
2022-03-23,39
2022-03-24,39
2022-03-25,39
2022-03-26,39
2022-03-27,39
2022-03-28,39
2022-03-29,39
2022-03-30,39
2022-03-31,39
2022-04-01,39
2022-04-02,39
2022-04-03,39
2022-04-04,39
2022-04-05,39
2022-04-06,39
2022-04-07,39
2022-04-08,39
2022-04-09,39
2022-04-10,39
2022-04-11,39
2022-04-12,39
2022-04-13,39
2022-04-14,39
2022-04-15,39
2022-04-16,39
2022-04-17,39
2022-04-18,39
2022-04-19,39
2022-04-20,39
2022-04-21,40
2022-04-22,40
2022-04-23,40
2022-04-24,40
2022-04-25,40
2022-04-26,40
2022-04-27,40
2022-04-28,40
2022-04-29,40
2022-04-30,40
2022-05-01,40
2022-05-02,40
2022-05-03,40
2022-05-04,40
2022-05-05,40
2022-05-06,40
2022-05-07,40
2022-05-08,40
2022-05-09,40
2022-05-10,40
2022-05-11,40
2022-05-12,40
2022-05-13,40
2022-05-14,40
2022-05-15,40
2022-05-16,40
2022-05-17,40
2022-05-18,40
2022-05-19,40
2022-05-20,40
2022-05-21,40
2022-05-22,40
2022-05-23,40
2022-05-24,40
2022-05-25,40
2022-05-26,40
2022-05-27,40
2022-05-28,40
2022-05-29,40
2022-05-30,40
2022-05-31,40
2022-06-01,40
2022-06-02,40
2022-06-03,40
2022-06-04,40
2022-06-05,40
2022-06-06,40
2022-06-07,40
2022-06-08,40
2022-06-09,40
2022-06-10,40
2022-06-11,39
2022-06-12,39
2022-06-13,39
2022-06-14,39
2022-06-15,39
2022-06-16,39
2022-06-17,39
2022-06-18,39
2022-06-19,39
2022-06-20,39
2022-06-21,39
2022-06-22,39
2022-06-23,39
2022-06-24,39
2022-06-25,39
2022-06-26,39
2022-06-27,39
2022-06-28,39
2022-06-29,38
2022-06-30,38
2022-07-01,38
2022-07-02,38
2022-07-03,38
2022-07-04,38
2022-07-05,38
2022-07-06,38
2022-07-07,38
2022-07-08,38
2022-07-09,38
2022-07-10,38
2022-07-11,38
2022-07-12,38
2022-07-13,38
2022-07-14,38
2022-07-15,38
2022-07-16,38
2022-07-17,38
2022-07-18,38
2022-07-19,38
2022-07-20,38
2022-07-21,38
2022-07-22,38
2022-07-23,38
2022-07-24,38
2022-07-25,38
2022-07-26,37
2022-07-27,37
2022-07-28,37
2022-07-29,37
2022-07-30,37
2022-07-31,37
2022-08-01,37
2022-08-02,37
2022-08-03,37
2022-08-04,37
2022-08-05,37
2022-08-06,37
2022-08-07,37
2022-08-08,37
2022-08-09,37
2022-08-10,37
2022-08-11,37
2022-08-12,37
2022-08-13,37
2022-08-14,37
2022-08-15,37
2022-08-16,37
2022-08-17,37
2022-08-18,37
2022-08-19,37
2022-08-20,37
2022-08-21,37
2022-08-22,37
2022-08-23,37
2022-08-24,37
2022-08-25,37
2022-08-26,37
2022-08-27,37
2022-08-28,37
2022-08-29,37
2022-08-30,37
2022-08-31,36
2022-09-01,36
2022-09-02,36
2022-09-03,36
2022-09-04,36
2022-09-05,36
2022-09-06,36
2022-09-07,36
2022-09-08,36
2022-09-09,36
2022-09-10,36
2022-09-11,36
2022-09-12,36
2022-09-13,36
2022-09-14,36
2022-09-15,36
2022-09-16,36
2022-09-17,36
2022-09-18,36
2022-09-19,35
2022-09-20,35
2022-09-21,35
2022-09-22,35
2022-09-23,35
2022-09-24,35
2022-09-25,35
2022-09-26,35
2022-09-27,35
2022-09-28,35
2022-09-29,35
2022-09-30,35
2022-10-01,35
2022-10-02,35
2022-10-03,35
2022-10-04,35
2022-10-05,35
2022-10-06,35
2022-10-07,35
2022-10-08,35
2022-10-09,35
2022-10-10,35
2022-10-11,35
2022-10-12,35
2022-10-13,35
2022-10-14,35
2022-10-15,35
2022-10-16,35
2022-10-17,35
2022-10-18,35
2022-10-19,35
2022-10-20,35
2022-10-21,35
2022-10-22,35
2022-10-23,35
2022-10-24,35
2022-10-25,35
2022-10-26,35
2022-10-27,35
2022-10-28,35
2022-10-29,35
2022-10-30,35
2022-10-31,35
2022-11-01,35
2022-11-02,35
2022-11-03,37
2022-11-04,37
2022-11-05,37
2022-11-06,37
2022-11-07,37
2022-11-08,37
2022-11-09,37
2022-11-10,37
2022-11-11,37
2022-11-12,37
2022-11-13,37
2022-11-14,37
2022-11-15,37
2022-11-16,37
2022-11-17,37
2022-11-18,37
2022-11-19,37
2022-11-20,37
2022-11-21,37
2022-11-22,37
2022-11-23,37
2022-11-24,37
2022-11-25,37
2022-11-26,37
2022-11-27,37
2022-11-28,37
2022-11-29,37
2022-11-30,37
2022-12-01,37
2022-12-02,37
2022-12-03,37
2022-12-04,37
2022-12-05,37
2022-12-06,37
2022-12-07,37
2022-12-08,37
2022-12-09,37
2022-12-10,37
2022-12-11,37
2022-12-12,37
2022-12-13,37
2022-12-14,37
2022-12-15,37
2022-12-16,37
2022-12-17,37
2022-12-18,37
2022-12-19,37
2022-12-20,37
2022-12-21,37
2022-12-22,37
2022-12-23,37
2022-12-24,37
2022-12-25,37
2022-12-26,37
2022-12-27,37
2022-12-28,37
2022-12-29,39
2022-12-30,39
2022-12-31,39
2023-01-01,39
2023-01-02,39
2023-01-03,39
2023-01-04,39
2023-01-05,39
2023-01-06,39
2023-01-07,39
2023-01-08,39
2023-01-09,39
2023-01-10,39
2023-01-11,39
2023-01-12,39
2023-01-13,39
2023-01-14,39
2023-01-15,39
2023-01-16,39
2023-01-17,39
2023-01-18,39
2023-01-19,39
2023-01-20,39
2023-01-21,39
2023-01-22,39
2023-01-23,39
2023-01-24,39
2023-01-25,39
2023-01-26,39
2023-01-27,39
2023-01-28,39
2023-01-29,39
2023-01-30,39
2023-01-31,39
2023-02-01,39
2023-02-02,39
2023-02-03,39
2023-02-04,39
2023-02-05,39
2023-02-06,39
2023-02-07,39
2023-02-08,39
2023-02-09,39
2023-02-10,39
2023-02-11,39
2023-02-12,39
2023-02-13,39
2023-02-14,39
2023-02-15,39
2023-02-16,39
2023-02-17,39
2023-02-18,39
2023-02-19,39
2023-02-20,39
2023-02-21,39
2023-02-22,39
2023-02-23,39
2023-02-24,39
2023-02-25,39
2023-02-26,39
2023-02-27,39
2023-02-28,39
2023-03-01,39
2023-03-02,39
2023-03-03,39
2023-03-04,39
2023-03-05,39
2023-03-06,39
2023-03-07,39
2023-03-08,39
2023-03-09,39
2023-03-10,39
2023-03-11,39
2023-03-12,39
2023-03-13,39
2023-03-14,39
2023-03-15,39
2023-03-16,39
2023-03-17,39
2023-03-18,39
2023-03-19,39
2023-03-20,39
2023-03-21,39
2023-03-22,39
2023-03-23,39
2023-03-24,39
2023-03-25,39
2023-03-26,39
2023-03-27,39
2023-03-28,39
2023-03-29,42-46
2023-03-30,42-46
2023-03-31,41-45
2023-04-01,41-45
2023-04-02,41-45
2023-04-03,41-45
2023-04-04,41-45
2023-04-05,41-45
2023-04-06,41-45
2023-04-07,41-45
2023-04-08,41-45
2023-04-09,41-45
2023-04-10,41-45
2023-04-11,41-45
2023-04-12,41-45
2023-04-13,41-45
2023-04-14,41-45
2023-04-15,41-45
2023-04-16,41-45
2023-04-17,41-45
2023-04-18,41-45
2023-04-19,41-45
2023-04-20,41-45
2023-04-21,41-45
2023-04-22,42-46
2023-04-23,42-46
2023-04-24,42-46
2023-04-25,42-46
2023-04-26,42-46
2023-04-27,42-46
2023-04-28,41-45
2023-04-29,41-45
2023-04-30,41-45
2023-05-01,41-45
2023-05-02,41-45
2023-05-03,41-45
2023-05-04,41-45
2023-05-05,41-45
2023-05-06,41-45
2023-05-07,36
2023-05-08,36
2023-05-09,36
2023-05-10,36
2023-05-11,36
2023-05-12,36
2023-05-13,36
2023-05-14,36
2023-05-15,36
2023-05-16,36
2023-05-17,36
2023-05-18,36
2023-05-19,37
2023-05-20,37
2023-05-21,37
2023-05-22,37
2023-05-23,37
2023-05-24,37
2023-05-25,37
2023-05-26,37
2023-05-27,37
2023-05-28,37
2023-05-29,37
2023-05-30,37
2023-05-31,37
2023-06-01,37
2023-06-02,37
2023-06-03,37
2023-06-04,37
2023-06-05,37
2023-06-06,37
2023-06-07,37
2023-06-08,37
2023-06-09,37
2023-06-10,37
2023-06-11,37
2023-06-12,37
2023-06-13,37
2023-06-14,37
2023-06-15,37
2023-06-16,37
2023-06-17,37
2023-06-18,37
2023-06-19,38
2023-06-20,38
2023-06-21,38
2023-06-22,38
2023-06-23,37
2023-06-24,37
2023-06-25,37
2023-06-26,38
2023-06-27,38
2023-06-28,37
2023-06-29,37
2023-06-30,38
2023-07-01,38
2023-07-02,38
2023-07-03,38
2023-07-04,38
2023-07-05,38
2023-07-06,38
2023-07-07,38
2023-07-08,38
2023-07-09,38
2023-07-10,37
2023-07-11,37
2023-07-12,37
2023-07-13,37
2023-07-14,37
2023-07-15,37
2023-07-16,37
2023-07-17,37
2023-07-18,37
2023-07-19,37
2023-07-20,38
2023-07-21,38
2023-07-22,38
2023-07-23,38
2023-07-24,37
2023-07-25,37
2023-07-26,37
2023-07-27,37
2023-07-28,37
2023-07-29,37
2023-07-30,37
2023-07-31,37
2023-08-01,37
2023-08-02,37
2023-08-03,37
2023-08-04,37
2023-08-05,37
2023-08-06,37
2023-08-07,37
2023-08-08,37
2023-08-09,37
2023-08-10,37
2023-08-11,37
2023-08-12,37
2023-08-13,37
2023-08-14,37
2023-08-15,37
2023-08-16,37
2023-08-17,37
2023-08-18,37
2023-08-19,37
2023-08-20,37
