date,dailyrmssd,deeprmssd
2021-03-18,44.818,0.0
2021-03-19,78.079,0.0
2021-03-20,60.329,0.0
2021-03-21,71.591,0.0
2021-03-22,89.445,0.0
2021-03-23,90.681,0.0
2021-03-24,93.75,0.0
2021-03-25,96.218,0.0
2021-03-26,95.497,0.0
2021-03-27,97.922,0.0
2021-03-28,100.766,0.0
2021-03-29,94.638,0.0
2021-03-30,92.861,90.54
2021-03-31,67.004,67.271
2021-04-01,82.523,64.681
2021-04-02,84.113,84.151
2021-04-03,84.817,84.995
2021-04-04,78.652,79.756
2021-04-05,88.845,74.651
2021-04-06,75.074,73.0
2021-04-07,72.304,67.102
2021-04-08,75.352,73.893
2021-04-09,67.114,53.048
2021-04-10,79.097,80.653
2021-04-11,53.213,46.223
2021-04-12,79.555,76.173
2021-04-13,44.378,43.72
2021-04-14,52.686,51.161
2021-04-15,44.416,44.184
2021-04-16,58.155,56.949
2021-04-17,71.869,75.558
2021-04-18,71.173,68.075
2021-04-19,82.974,73.528
2021-04-20,88.9,85.55
2021-04-21,86.285,80.503
2021-04-22,83.969,83.914
2021-04-23,81.032,89.657
2021-04-24,79.879,68.498
2021-04-25,84.482,84.644
2021-04-26,71.114,66.719
2021-04-27,71.843,66.545
2021-04-28,65.564,63.117
2021-04-29,64.175,64.23
2021-04-30,76.829,73.773
2021-05-01,87.277,86.021
2021-05-02,82.771,70.364
2021-05-03,81.45,84.129
2021-05-04,74.05,60.596
2021-05-05,76.163,83.142
2021-05-06,80.324,70.972
2021-05-07,80.153,76.402
2021-05-08,76.858,74.321
2021-05-09,83.063,78.25
2021-05-10,80.859,80.466
2021-05-11,77.962,82.5
2021-05-12,87.747,81.963
2021-05-13,89.847,83.653
2021-05-14,89.253,83.494
2021-05-15,92.964,93.197
2021-05-16,84.272,82.231
2021-05-17,87.491,82.144
2021-05-18,92.206,78.348
2021-05-19,83.241,81.022
2021-05-20,89.637,85.245
2021-05-21,95.719,93.534
2021-05-22,96.238,96.83
2021-05-23,96.144,95.475
2021-05-24,88.529,83.644
2021-05-25,79.045,70.586
2021-05-26,93.894,93.715
2021-05-27,91.602,82.934
2021-05-28,71.97,70.712
2021-05-29,78.792,89.406
2021-05-30,48.76,49.929
2021-05-31,66.157,52.776
2021-06-01,58.188,55.457
2021-06-02,57.499,55.127
2021-06-03,50.423,43.595
2021-06-04,55.124,51.353
2021-06-05,63.122,50.622
2021-06-06,57.833,50.371
2021-06-07,53.92,46.194
2021-06-08,59.01,57.215
2021-06-09,69.462,66.375
2021-06-10,58.504,55.56
2021-06-11,75.056,62.162
2021-06-12,52.302,49.889
2021-06-13,68.272,57.152
2021-06-14,72.524,62.007
2021-06-15,84.49,74.476
2021-06-16,80.967,71.834
2021-06-17,74.239,70.714
2021-06-18,84.446,83.428
2021-06-19,78.777,79.067
2021-06-20,74.184,82.047
2021-06-21,73.178,64.695
2021-06-22,79.733,72.524
2021-06-23,77.47,80.924
2021-06-24,81.108,71.513
2021-06-25,74.609,69.442
2021-06-27,78.718,68.966
2021-06-28,66.671,74.786
2021-06-29,66.064,51.915
2021-06-30,71.328,54.706
2021-07-01,65.79,58.109
2021-07-02,43.919,36.85
2021-07-03,65.571,51.983
2021-07-04,66.286,60.493
2021-07-05,62.007,58.065
2021-07-06,68.506,58.969
2021-07-07,52.762,50.314
2021-07-08,60.134,52.852
2021-07-09,54.882,51.876
2021-07-10,63.939,61.925
2021-07-11,29.016,21.845
2021-07-12,63.838,61.306
2021-07-13,75.744,77.466
2021-07-14,75.423,81.173
2021-07-15,59.327,54.87
2021-07-16,72.519,69.544
2021-07-17,39.495,35.254
2021-07-18,59.927,45.965
2021-07-19,45.106,40.613
2021-07-20,66.192,61.354
2021-07-21,75.588,61.904
2021-07-22,78.599,77.623
2021-07-23,82.317,78.883
2021-07-24,76.01,69.069
2021-07-25,68.733,68.282
2021-07-26,79.497,75.114
2021-07-27,63.076,61.474
2021-07-28,68.695,56.879
2021-07-29,58.168,56.547
2021-07-30,50.586,49.695
2021-07-31,54.831,43.603
2021-08-01,50.921,59.037
2021-08-02,56.912,47.282
2021-08-03,56.994,50.391
2021-08-04,67.425,66.129
2021-08-05,57.507,51.61
2021-08-06,61.909,65.45
2021-08-07,73.101,69.485
2021-08-08,82.043,81.029
2021-08-09,78.008,74.767
2021-08-10,71.651,61.333
2021-08-11,83.217,66.67
2021-08-12,79.245,62.301
2021-08-13,80.787,76.417
2021-08-14,29.219,25.493
2021-08-15,66.942,60.238
2021-08-16,77.952,71.932
2021-08-17,80.553,66.809
2021-08-18,72.424,58.738
2021-08-19,81.091,77.64
2021-08-20,67.911,66.177
2021-08-21,72.179,72.373
2021-08-22,79.323,78.966
2021-08-23,71.311,66.602
2021-08-24,80.492,71.363
2021-08-25,58.101,38.489
2021-08-26,67.086,66.087
2021-08-27,76.304,60.69
2021-08-28,73.591,67.385
2021-08-29,83.378,83.779
2021-08-30,75.7,75.658
2021-08-31,73.059,61.737
2021-09-01,70.908,76.545
2021-09-02,75.668,70.09
2021-09-03,57.377,59.604
2021-09-04,78.177,78.256
2021-09-05,75.235,64.485
2021-09-06,79.586,69.908
2021-09-07,62.074,60.683
2021-09-08,71.127,70.759
2021-09-09,81.454,73.384
2021-09-10,83.217,78.417
2021-09-11,79.912,68.132
2021-09-12,74.32,67.469
2021-09-13,71.522,65.826
2021-09-14,62.363,62.022
2021-09-15,78.59,75.8
2021-09-16,79.19,73.609
2021-09-17,74.391,74.373
2021-09-18,68.863,65.099
2021-09-19,66.138,66.172
2021-09-20,63.332,54.636
2021-09-21,66.653,61.825
2021-09-22,65.567,64.816
2021-09-23,47.939,48.287
2021-09-24,52.105,52.232
2021-09-25,67.573,67.816
2021-09-26,66.349,58.101
2021-09-27,72.85,66.528
2021-09-28,75.207,67.734
2021-09-29,74.126,71.135
2021-09-30,80.894,76.424
2021-10-01,80.434,74.121
2021-10-02,65.511,69.971
2021-10-03,57.908,46.137
2021-10-04,65.453,58.184
2021-10-05,60.32,58.702
2021-10-06,57.619,50.259
2021-10-07,64.212,53.507
2021-10-08,59.633,71.611
2021-10-09,63.654,54.998
2021-10-10,65.257,60.728
2021-10-11,60.469,54.359
2021-10-12,64.194,58.868
2021-10-13,73.118,70.582
2021-10-14,84.541,77.869
2021-10-15,76.477,72.069
2021-10-16,87.543,78.342
2021-10-17,82.936,103.479
2021-10-18,78.801,74.739
2021-10-19,72.3,63.293
2021-10-20,69.863,66.451
2021-10-21,76.399,69.238
2021-10-22,71.137,66.1
2021-10-23,73.935,58.841
2021-10-24,69.997,69.592
2021-10-25,69.017,68.72
2021-10-26,73.611,74.121
2021-10-27,77.188,77.342
2021-10-28,70.367,66.659
2021-10-29,75.88,79.605
2021-10-30,70.104,68.807
2021-10-31,66.55,52.764
2021-11-01,69.114,65.758
2021-11-02,67.199,59.388
2021-11-03,71.678,75.12
2021-11-04,61.202,63.616
2021-11-05,62.65,59.319
2021-11-06,63.759,56.902
2021-11-07,68.619,69.286
2021-11-08,75.125,59.74
2021-11-09,68.448,63.949
2021-11-10,58.815,64.47
2021-11-11,57.968,57.059
2021-11-12,72.901,75.123
2021-11-13,47.757,49.716
2021-11-14,57.002,57.579
2021-11-15,57.36,52.345
2021-11-16,56.625,65.053
2021-11-17,73.894,66.038
2021-11-18,68.47,55.627
2021-11-19,63.06,58.191
2021-11-20,70.605,59.641
2021-11-21,69.481,65.646
2021-11-22,77.743,75.597
2021-11-23,68.84,68.519
2021-11-24,83.612,83.214
2021-11-25,68.717,57.402
2021-11-26,73.491,69.348
2021-11-27,77.109,79.083
2021-11-28,59.462,58.205
2021-11-29,69.579,69.715
2021-11-30,60.89,61.131
2021-12-01,65.989,60.625
2021-12-02,64.087,63.29
2021-12-03,62.377,55.152
2021-12-04,60.606,53.969
2021-12-05,47.592,55.439
2021-12-06,54.955,50.115
2021-12-07,57.58,53.308
2021-12-08,53.485,47.257
2021-12-09,65.005,59.761
2021-12-10,66.271,63.759
2021-12-11,64.216,69.653
2021-12-12,68.315,62.414
2021-12-13,59.171,48.987
2021-12-14,67.837,51.687
2021-12-15,75.739,61.253
2021-12-16,67.159,53.184
2021-12-17,53.948,50.137
2021-12-18,56.801,64.317
2021-12-19,67.145,63.027
2021-12-20,67.174,58.489
2021-12-21,52.115,44.711
2021-12-22,68.927,68.007
2021-12-23,64.682,61.214
2021-12-24,63.242,60.28
2021-12-25,56.71,56.015
2021-12-26,55.927,51.552
2021-12-27,65.057,48.716
2021-12-28,54.402,41.875
2021-12-29,59.363,58.961
2021-12-30,54.664,54.036
2021-12-31,62.537,53.192
2022-01-01,57.104,64.977
2022-01-02,63.596,60.803
2022-01-03,57.646,55.903
2022-01-04,52.4,46.963
2022-01-05,48.706,41.354
2022-01-06,49.832,44.56
2022-01-07,48.63,42.963
2022-01-08,60.424,60.198
2022-01-09,63.788,64.824
2022-01-10,77.215,72.698
2022-01-11,76.299,74.915
2022-01-12,76.663,65.774
2022-01-13,71.059,68.145
2022-01-14,78.411,75.135
2022-01-15,79.332,71.67
2022-01-16,83.786,64.817
2022-01-17,64.26,63.564
2022-01-18,73.724,66.417
2022-01-19,65.917,51.098
2022-01-20,63.779,57.832
2022-01-21,78.687,77.065
2022-01-22,78.839,75.131
2022-01-23,76.929,60.839
2022-01-24,65.271,65.11
2022-01-25,76.855,56.831
2022-01-26,73.625,62.437
2022-01-27,68.563,62.721
2022-01-28,68.819,49.232
2022-01-29,69.754,69.505
2022-01-30,74.581,62.082
2022-01-31,62.838,56.502
2022-02-01,62.391,52.08
2022-02-02,69.76,67.378
2022-02-03,59.768,63.916
2022-02-04,55.184,54.091
2022-02-05,60.526,61.356
2022-02-06,64.154,65.808
2022-02-07,56.264,55.051
2022-02-08,64.076,54.752
2022-02-09,63.265,56.609
2022-02-10,75.593,67.648
2022-02-11,86.06,77.025
2022-02-12,79.831,76.336
2022-02-13,75.813,68.202
2022-02-14,69.878,56.551
2022-02-15,74.059,61.489
2022-02-16,70.346,70.4
2022-02-17,72.082,69.393
2022-02-18,82.639,80.885
2022-02-19,73.45,63.6
2022-02-20,86.557,66.461
2022-02-21,78.349,73.859
2022-02-22,80.258,75.914
2022-02-23,80.791,87.681
2022-02-24,68.177,61.897
2022-02-25,61.319,51.863
2022-02-26,65.192,56.97
2022-02-27,68.56,68.217
2022-02-28,73.209,66.492
2022-03-01,68.855,59.348
2022-03-02,64.215,57.819
2022-03-03,70.842,69.421
2022-03-04,67.556,62.943
2022-03-05,72.434,64.078
2022-03-06,58.115,59.615
2022-03-07,61.03,63.809
2022-03-08,66.783,62.43
2022-03-09,69.301,69.47
2022-03-10,74.13,77.298
2022-03-11,77.783,84.517
2022-03-12,84.197,79.521
2022-03-13,86.311,76.515
2022-03-14,90.111,86.718
2022-03-15,66.821,68.183
2022-03-16,69.149,64.065
2022-03-17,80.296,74.313
2022-03-18,84.109,82.184
2022-03-19,80.167,68.812
2022-03-20,77.54,72.935
2022-03-21,78.694,75.649
2022-03-22,78.898,76.164
2022-03-23,87.367,89.804
2022-03-24,90.353,84.61
2022-03-25,82.193,87.047
2022-03-26,79.83,79.004
2022-03-27,89.955,77.292
2022-03-28,76.348,77.205
2022-03-29,74.529,63.8
2022-03-30,69.846,69.573
2022-03-31,75.757,70.659
2022-04-01,61.467,59.809
2022-04-02,71.776,69.226
2022-04-03,62.932,66.289
2022-04-04,62.066,61.813
2022-04-05,64.725,58.485
2022-04-06,50.655,48.163
2022-04-07,72.587,61.712
2022-04-08,77.412,77.306
2022-04-09,79.503,76.83
2022-04-10,65.547,66.76
2022-04-11,73.792,72.657
2022-04-12,65.084,61.979
2022-04-13,76.138,81.569
2022-04-14,63.498,61.125
2022-04-15,66.004,64.113
2022-04-16,55.293,53.281
2022-04-17,67.331,65.399
2022-04-18,71.879,71.986
2022-04-19,69.99,65.236
2022-04-20,68.522,64.187
2022-04-21,52.951,50.623
2022-04-22,62.839,62.226
2022-04-23,54.226,50.813
2022-04-24,30.009,29.247
2022-04-25,53.534,44.054
2022-04-26,36.526,34.861
2022-04-27,62.693,61.071
2022-04-28,68.192,66.264
2022-04-29,58.492,55.003
2022-04-30,50.5,47.852
2022-05-01,52.592,52.225
2022-05-02,51.158,45.925
2022-05-03,52.331,52.991
2022-05-04,53.081,44.39
2022-05-05,41.589,36.352
2022-05-06,49.095,47.556
2022-05-07,45.576,37.119
2022-05-08,59.49,53.978
2022-05-09,67.483,67.268
2022-05-10,70.674,60.872
2022-05-11,82.525,77.63
2022-05-12,87.4,80.56
2022-05-13,97.75,85.256
2022-05-14,74.542,68.561
2022-05-15,77.489,71.147
2022-05-16,80.348,78.644
2022-05-17,73.463,68.519
2022-05-18,77.194,71.144
2022-05-19,77.078,85.801
2022-05-20,81.865,79.723
2022-05-21,81.577,79.579
2022-05-22,57.844,59.299
2022-05-23,82.72,81.1
2022-05-24,75.742,74.749
2022-05-25,83.994,92.525
2022-05-26,79.298,76.918
2022-05-27,67.047,64.269
2022-05-28,85.896,83.702
2022-05-29,77.866,71.34
2022-05-30,85.382,80.649
2022-05-31,78.849,79.129
2022-06-01,74.343,72.128
2022-06-02,46.589,42.636
2022-06-03,53.16,43.857
2022-06-04,60.529,59.715
2022-06-05,48.95,45.575
2022-06-06,53.986,50.969
2022-06-07,52.633,61.545
2022-06-08,59.432,51.281
2022-06-09,44.662,37.352
2022-06-10,52.982,53.109
2022-06-11,63.34,60.935
2022-06-12,61.972,50.552
2022-06-13,71.366,68.036
2022-06-14,69.669,72.645
2022-06-15,63.627,56.981
2022-06-16,54.862,46.439
2022-06-17,73.289,67.046
2022-06-18,65.631,57.95
2022-06-19,70.505,62.699
2022-06-20,75.54,65.633
2022-06-21,66.231,54.778
2022-06-22,66.841,63.605
2022-06-23,78.05,71.866
2022-06-24,83.503,77.565
2022-06-25,74.629,72.956
2022-06-26,73.396,72.77
2022-06-27,71.806,64.082
2022-06-28,75.693,67.168
2022-06-29,76.011,77.976
2022-06-30,71.943,67.124
2022-07-01,64.065,51.507
2022-07-02,56.16,43.456
2022-07-03,51.573,54.201
2022-07-04,62.236,54.075
2022-07-05,64.736,60.066
2022-07-06,45.081,40.486
2022-07-07,56.086,43.529
2022-07-08,68.324,65.199
2022-07-09,53.426,60.007
2022-07-10,22.124,34.776
2022-07-11,18.617,25.596
2022-07-12,48.573,41.43
2022-07-13,27.388,33.81
2022-07-14,43.991,40.866
2022-07-15,59.316,53.556
2022-07-16,72.179,70.78
2022-07-17,73.314,59.203
2022-07-18,88.007,79.582
2022-07-19,87.126,78.591
2022-07-20,89.572,62.656
2022-07-21,91.604,84.115
2022-07-22,85.635,73.883
2022-07-23,74.224,72.952
2022-07-24,85.19,88.658
2022-07-25,75.348,64.995
2022-07-26,79.359,70.417
2022-07-27,63.168,60.243
2022-07-28,77.576,64.986
2022-07-29,80.64,71.74
2022-07-30,81.343,75.631
2022-07-31,77.128,72.33
2022-08-01,66.167,58.683
2022-08-02,64.738,64.84
2022-08-03,72.951,74.769
2022-08-04,67.759,57.243
2022-08-05,72.107,80.493
2022-08-06,70.901,58.584
2022-08-07,52.411,53.096
2022-08-08,52.664,55.607
2022-08-09,71.021,63.453
2022-08-10,66.199,64.283
2022-08-11,63.556,67.408
2022-08-12,61.741,58.465
2022-08-13,60.864,66.105
2022-08-14,56.614,45.355
2022-08-15,73.256,63.18
2022-08-16,77.252,85.161
2022-08-17,85.325,75.886
2022-08-18,84.082,76.731
2022-08-19,85.316,83.259
2022-08-20,84.783,85.318
2022-08-21,75.864,74.968
2022-08-22,84.302,80.727
2022-08-23,69.41,63.527
2022-08-24,55.61,49.062
2022-08-25,54.786,0.0
2022-08-26,73.019,67.995
2022-08-27,82.454,86.209
2022-08-28,59.635,53.755
2022-08-29,35.552,31.388
2022-08-30,16.681,22.122
2022-08-31,77.956,75.14
2022-09-01,71.53,70.477
2022-09-02,57.474,60.31
2022-09-03,60.122,49.553
2022-09-04,31.222,28.055
2022-09-05,67.373,64.453
2022-09-06,65.078,53.187
2022-09-07,64.93,64.016
2022-09-08,71.749,68.198
2022-09-09,62.657,59.161
2022-09-10,54.378,55.386
2022-09-11,60.289,57.871
2022-09-12,53.083,47.52
2022-09-13,56.469,54.683
2022-09-14,56.267,48.091
2022-09-15,57.473,61.917
2022-09-16,75.336,54.886
2022-09-17,58.487,60.128
2022-09-18,63.417,58.651
2022-09-19,57.834,53.594
2022-09-20,43.085,38.608
2022-09-21,45.802,46.309
2022-09-22,39.358,39.725
2022-09-23,48.695,54.676
2022-09-24,49.563,42.828
2022-09-25,57.76,53.615
2022-09-26,60.369,56.08
2022-09-27,71.233,98.421
2022-09-28,70.699,67.521
2022-09-29,81.211,74.502
2022-09-30,68.663,69.693
2022-10-01,67.079,114.197
2022-10-02,68.235,78.604
2022-10-03,82.518,64.026
2022-10-04,75.473,63.12
2022-10-05,70.973,61.588
2022-10-06,76.435,70.892
2022-10-07,78.45,74.847
2022-10-08,82.098,80.636
2022-10-09,74.971,67.342
2022-10-10,72.167,66.976
2022-10-11,69.21,64.378
2022-10-12,73.113,75.938
2022-10-13,69.518,64.133
2022-10-14,64.577,55.536
2022-10-15,44.314,44.999
2022-10-16,53.139,49.207
2022-10-17,53.73,53.27
2022-10-18,64.232,67.869
2022-10-19,60.569,54.784
2022-10-20,55.909,56.456
2022-10-21,50.416,47.348
2022-10-22,48.741,48.633
2022-10-23,52.393,53.439
2022-10-24,57.545,48.804
2022-10-25,50.57,51.229
2022-10-26,55.934,53.975
2022-10-27,53.217,63.953
2022-10-28,54.837,57.722
2022-10-29,65.729,61.153
2022-10-30,57.37,48.68
2022-10-31,46.152,44.066
2022-11-01,56.305,67.573
2022-11-02,61.978,62.111
2022-11-03,69.627,75.472
2022-11-04,68.569,62.286
2022-11-05,73.3,69.597
2022-11-06,59.701,58.431
2022-11-07,61.564,59.873
2022-11-08,69.43,63.674
2022-11-09,69.444,67.838
2022-11-10,66.82,67.215
2022-11-11,71.577,62.953
2022-11-12,53.632,51.555
2022-11-13,66.816,70.506
2022-11-14,71.222,66.272
2022-11-15,66.835,56.89
2022-11-16,76.203,83.82
2022-11-17,68.877,63.767
2022-11-18,67.847,51.734
2022-11-19,59.32,49.958
2022-11-20,83.056,79.726
2022-11-21,82.976,66.972
2022-11-22,81.534,73.382
2022-11-23,80.95,79.275
2022-11-24,75.978,73.693
2022-11-25,48.362,47.713
2022-11-26,41.54,42.308
2022-11-27,49.355,44.58
2022-11-28,60.048,61.611
2022-11-29,75.076,63.467
2022-11-30,60.782,48.997
2022-12-01,61.441,59.42
2022-12-02,84.887,79.168
2022-12-03,64.871,43.201
2022-12-04,63.587,64.807
2022-12-05,60.943,54.714
2022-12-06,66.391,63.744
2022-12-07,57.31,54.096
2022-12-08,56.016,50.171
2022-12-09,48.733,46.402
2022-12-10,53.631,47.543
2022-12-11,72.163,66.739
2022-12-12,64.024,62.081
2022-12-13,72.789,69.404
2022-12-14,68.652,61.452
2022-12-15,48.164,41.163
2022-12-16,36.941,33.44
2022-12-17,46.155,37.659
2022-12-18,41.963,41.17
2022-12-19,63.092,59.636
2022-12-20,54.249,42.4
2022-12-21,65.054,53.381
2022-12-22,59.187,52.199
2022-12-23,64.019,0.0
2022-12-24,63.556,51.98
2022-12-25,61.353,56.194
2022-12-26,59.973,52.345
2022-12-27,52.17,43.806
2022-12-28,50.22,50.27
2022-12-29,53.017,41.668
2022-12-30,42.019,40.918
2022-12-31,41.098,34.981
2023-01-01,33.678,38.851
2023-01-02,41.094,47.393
2023-01-03,50.961,46.196
2023-01-04,49.425,51.758
2023-01-05,49.889,37.735
2023-01-06,52.868,49.719
2023-01-07,44.64,36.837
2023-01-08,60.843,60.321
2023-01-09,49.822,49.344
2023-01-10,36.631,35.692
2023-01-11,40.056,29.377
2023-01-12,46.688,49.851
2023-01-13,51.904,46.821
2023-01-14,54.988,40.926
2023-01-15,52.854,46.05
2023-01-16,58.483,57.853
2023-01-17,57.966,49.805
2023-01-18,57.834,49.657
2023-01-19,54.182,42.793
2023-01-20,44.985,45.68
2023-01-21,55.504,53.781
2023-01-22,68.002,63.44
2023-01-23,87.18,87.315
2023-01-24,72.763,63.697
2023-01-25,77.015,64.931
2023-01-26,71.346,77.999
2023-01-27,69.859,66.883
2023-01-28,79.572,58.594
2023-01-29,69.449,63.499
2023-01-30,57.507,46.06
2023-01-31,54.685,54.611
2023-02-01,65.519,61.407
2023-02-03,63.311,62.263
2023-02-04,72.212,82.889
2023-02-05,63.168,54.543
2023-02-06,70.112,65.214
2023-02-07,57.237,45.569
2023-02-08,56.026,45.202
2023-02-09,47.286,33.716
2023-02-10,56.325,53.079
2023-02-11,63.514,59.231
2023-02-12,60.308,53.492
2023-02-13,56.104,49.811
2023-02-14,53.579,52.959
2023-02-15,57.838,55.203
2023-02-16,48.39,37.795
2023-02-17,59.029,60.685
2023-02-18,60.612,63.271
2023-02-19,58.872,68.992
2023-02-20,43.488,46.384
2023-02-21,24.741,21.806
2023-02-22,38.969,28.489
2023-02-23,51.843,49.44
2023-02-24,56.831,52.932
2023-02-25,56.737,50.726
2023-02-26,56.688,59.767
2023-02-27,71.837,86.125
2023-02-28,73.703,62.031
2023-03-01,79.05,69.714
2023-03-02,84.262,79.473
2023-03-03,74.228,75.476
2023-03-04,55.542,41.428
2023-03-05,70.382,66.785
2023-03-06,82.223,83.072
2023-03-07,71.215,67.837
2023-03-08,76.819,64.0
2023-03-09,81.774,80.914
2023-03-10,86.056,82.251
2023-03-11,80.719,80.644
2023-03-12,89.453,78.698
2023-03-13,69.863,59.022
2023-03-14,67.005,63.641
2023-03-15,87.057,76.847
2023-03-16,59.606,47.752
2023-03-17,64.742,61.636
2023-03-18,59.286,54.886
2023-03-19,46.915,43.977
2023-03-20,58.105,56.316
2023-03-21,74.786,56.343
2023-03-22,67.442,61.32
2023-03-23,59.739,51.975
2023-03-24,77.03,72.228
2023-03-25,72.769,66.852
2023-03-26,74.5,56.52
2023-03-27,74.466,70.597
2023-03-28,72.41,70.033
2023-03-29,53.304,41.132
2023-03-30,54.72,40.267
2023-03-31,70.335,57.742
2023-04-01,59.639,54.457
2023-04-02,62.94,59.174
2023-04-03,56.67,60.418
2023-04-04,62.136,61.648
2023-04-05,46.905,42.441
2023-04-06,62.595,57.143
2023-04-07,74.643,78.742
2023-04-08,84.577,91.216
2023-04-09,78.978,77.131
2023-04-10,84.464,78.695
2023-04-11,77.04,63.962
2023-04-12,72.95,66.635
2023-04-13,92.629,76.072
2023-04-14,69.581,75.387
2023-04-15,70.133,79.565
2023-04-16,75.504,75.852
2023-04-17,76.86,72.383
2023-04-18,71.542,62.631
2023-04-19,71.253,72.356
2023-04-20,77.527,92.754
2023-04-21,62.935,341.118
2023-04-22,82.606,80.812
2023-04-23,86.992,85.316
2023-04-24,82.352,73.797
2023-04-25,71.184,61.943
2023-04-26,49.409,42.82
2023-04-27,68.178,67.102
2023-04-28,62.529,59.814
2023-04-29,92.995,78.883
2023-04-30,80.49,73.715
2023-05-01,71.646,65.158
2023-05-02,70.85,58.753
2023-05-03,66.483,58.932
2023-05-04,59.383,50.717
2023-05-05,52.352,46.459
2023-05-06,45.273,43.282
2023-05-07,47.981,48.045
2023-05-08,53.441,57.425
2023-05-09,43.824,38.815
2023-05-10,42.733,41.652
2023-05-11,43.797,44.046
2023-05-12,48.006,44.706
2023-05-14,55.004,53.41
2023-05-15,63.988,67.678
2023-05-16,72.189,65.696
2023-05-17,75.06,67.783
2023-05-18,60.203,61.914
2023-05-19,77.463,70.296
2023-05-20,82.314,76.372
2023-05-21,75.119,73.887
2023-05-22,75.626,76.011
2023-05-23,61.905,61.375
2023-05-24,79.751,72.18
2023-05-25,68.594,58.387
2023-05-26,71.26,68.214
2023-05-27,66.58,65.029
2023-05-28,74.28,67.824
2023-05-29,70.181,71.206
2023-05-30,75.845,64.574
2023-05-31,82.114,78.526
2023-06-01,71.613,63.325
2023-06-02,69.512,73.451
2023-06-03,72.54,59.079
2023-06-04,77.868,70.586
2023-06-05,65.765,59.018
2023-06-06,65.343,53.953
2023-06-07,72.635,57.694
2023-06-08,66.393,68.366
2023-06-09,65.189,65.579
2023-06-10,74.761,69.425
2023-06-11,62.077,57.288
2023-06-12,49.656,46.93
2023-06-13,55.979,57.199
2023-06-14,60.847,66.31
2023-06-15,54.326,62.78
2023-06-16,40.877,46.855
2023-06-17,54.091,37.987
2023-06-18,46.602,48.227
2023-06-19,53.947,52.78
2023-06-20,68.84,67.519
2023-06-21,61.405,59.67
2023-06-22,54.058,59.004
2023-06-23,71.336,74.582
2023-06-24,64.59,65.315
2023-06-25,76.056,67.635
2023-06-26,71.373,74.306
2023-06-27,72.792,65.332
2023-06-28,72.904,70.397
2023-06-29,68.179,65.314
2023-06-30,74.521,66.692
2023-07-01,82.261,73.231
2023-07-02,82.316,73.477
2023-07-03,71.414,65.131
2023-07-04,71.414,61.896
2023-07-05,71.785,68.558
2023-07-06,69.171,65.727
2023-07-07,71.735,63.701
2023-07-08,65.157,67.478
2023-07-09,62.824,68.81
2023-07-10,78.764,78.713
2023-07-11,78.677,75.009
2023-07-12,78.753,70.207
2023-07-13,71.051,65.48
2023-07-14,74.012,75.028
2023-07-15,60.863,81.535
2023-07-16,76.858,66.751
2023-07-17,72.0,66.646
2023-07-18,79.433,55.475
2023-07-19,72.846,71.814
2023-07-20,68.07,69.451
2023-07-21,73.447,81.537
2023-07-22,55.644,51.87
2023-07-23,69.767,64.855
2023-07-24,46.82,43.431
2023-07-25,57.261,56.822
2023-07-26,61.521,65.059
2023-07-27,65.94,68.814
2023-07-28,62.437,70.685
2023-07-29,59.756,56.139
2023-07-30,56.704,55.95
2023-07-31,51.833,40.129
2023-08-01,51.644,47.455
2023-08-02,61.756,56.518
2023-08-03,49.018,42.549
2023-08-04,58.829,60.795
2023-08-05,52.774,51.94
2023-08-06,61.337,61.387
2023-08-07,66.363,60.917
2023-08-08,70.831,58.596
2023-08-09,67.567,63.68
2023-08-10,67.722,63.775
2023-08-11,55.677,55.088
2023-08-12,0.0,85.481
2023-08-13,62.692,47.985
2023-08-14,86.03,87.652
2023-08-15,74.555,58.158
2023-08-16,89.417,71.462
2023-08-17,70.106,65.622
2023-08-18,79.756,73.879
2023-08-19,62.18,54.2
2023-08-20,59.202,51.19
2023-08-21,72.592,71.388
2023-08-22,69.931,61.877
2023-08-23,79.903,68.752
2023-08-24,77.269,63.443
2023-08-25,80.157,63.174
2023-08-26,61.951,60.212
2023-08-27,71.704,75.014
2023-08-28,46.093,46.59
2023-08-29,65.591,54.025
2023-08-30,73.511,68.686
2023-08-31,58.024,62.471
2023-09-01,46.774,47.986
2023-09-02,47.583,46.668
2023-09-03,49.826,43.856
2023-09-04,46.045,43.614
2023-09-05,49.405,43.739
2023-09-06,50.063,51.775
2023-09-07,63.06,62.88
2023-09-08,85.421,92.864
2023-09-09,74.479,68.919
2023-09-10,78.646,77.212
2023-09-11,83.954,83.175
2023-09-12,87.646,83.197
2023-09-13,89.64,79.423
2023-09-14,87.15,86.198
2023-09-15,85.55,81.251
2023-09-16,87.765,81.061
2023-09-17,97.435,85.626
2023-09-18,79.068,69.994
2023-09-19,72.55,65.189
2023-09-20,70.899,56.625
2023-09-21,78.811,76.114
2023-09-22,80.738,63.795
2023-09-23,68.254,66.85
2023-09-24,73.118,76.035
2023-09-25,65.586,65.594
2023-09-26,73.16,67.622
2023-09-27,66.784,58.903
2023-09-28,62.449,55.612
2023-09-29,76.151,62.51
2023-09-30,71.855,64.152
2023-10-01,70.534,61.268
2023-10-02,77.201,74.711
2023-10-03,66.47,60.665
2023-10-04,77.413,69.437
2023-10-05,71.763,68.298
2023-10-06,77.719,70.296
2023-10-07,73.625,84.806
2023-10-08,68.844,67.31
2023-10-09,62.009,60.458
2023-10-10,54.361,45.353
2023-10-11,35.094,35.689
2023-10-12,43.42,38.296
2023-10-13,40.787,36.376
2023-10-14,39.231,33.88
2023-10-15,70.671,68.623
2023-10-16,68.967,65.968
2023-10-17,72.18,75.519
2023-10-18,95.437,101.247
2023-10-19,66.492,55.217
2023-10-20,67.909,64.894
2023-10-21,79.446,74.928
2023-10-22,72.594,67.709
2023-10-23,68.62,62.906
2023-10-24,62.655,61.228
2023-10-25,57.824,52.04
2023-10-26,61.165,59.35
2023-10-27,62.669,58.861
2023-10-29,56.527,57.287
2023-10-30,79.446,87.586
2023-10-31,69.983,62.528
2023-11-01,71.32,73.252
2023-11-02,68.364,67.623
2023-11-03,68.577,67.85
2023-11-04,72.852,72.865
2023-11-05,66.85,65.165
2023-11-06,61.205,54.627
2023-11-07,58.324,60.812
2023-11-08,45.356,43.907
2023-11-09,40.931,34.062
2023-11-10,50.513,49.283
2023-11-11,61.321,54.065
2023-11-12,45.528,48.462
2023-11-13,49.065,42.7
2023-11-14,37.417,34.673
2023-11-15,35.582,29.854
2023-11-16,34.095,30.356
2023-11-17,44.036,34.002
2023-11-18,38.325,34.982
2023-11-19,46.25,46.37
2023-11-20,50.063,52.07
2023-11-21,52.772,50.974
2023-11-22,61.377,56.284
2023-11-23,77.376,74.285
2023-11-24,91.834,88.949
2023-11-25,89.9,90.617
