date,restingHeartRate
2016-12-25,66
2016-12-26,60
2016-12-27,60
2016-12-28,62
2016-12-29,62
2016-12-30,62
2016-12-31,62
2017-01-01,63
2017-01-02,61
2017-01-03,59
2017-01-04,60
2017-01-05,60
2017-01-06,60
2017-01-07,60
2017-01-08,60
2017-01-09,60
2017-01-10,60
2017-01-11,59
2017-01-12,60
2017-01-13,60
2017-01-14,62
2017-01-15,61
2017-01-16,64
2017-01-17,65
2017-01-18,62
2017-01-19,63
2017-01-20,63
2017-01-21,62
2017-01-22,61
2017-01-23,61
2017-01-24,62
2017-01-25,63
2017-01-26,63
2017-01-27,64
2017-01-28,64
2017-01-29,66
2017-01-30,66
2017-01-31,64
2017-02-01,63
2017-02-02,63
2017-02-03,62
2017-02-04,63
2017-02-05,62
2017-02-06,61
2017-02-07,61
2017-02-08,60
2017-02-09,61
2017-02-10,60
2017-02-11,62
2017-02-12,60
2017-02-13,60
2017-02-14,60
2017-02-15,59
2017-02-16,59
2017-02-17,59
2017-02-18,60
2017-02-19,60
2017-02-20,61
2017-02-21,61
2017-02-22,63
2017-02-23,63
2017-02-24,65
2017-02-25,66
2017-02-26,66
2017-02-27,65
2017-02-28,65
2017-03-01,66
2017-03-02,65
2017-03-03,63
2017-03-04,62
2017-03-05,61
2017-03-06,60
2017-03-07,59
2017-03-08,60
2017-03-09,60
2017-03-10,61
2017-03-11,60
2017-03-12,60
2017-03-13,60
2017-03-14,60
2017-03-15,58
2017-03-17,59
2017-03-18,60
2017-03-19,58
2017-03-20,59
2017-03-21,59
2017-03-22,60
2017-03-23,60
2017-03-24,61
2017-03-25,61
2017-03-26,62
2017-03-27,62
2017-03-28,61
2017-03-29,61
2017-03-30,62
2017-03-31,61
2017-04-01,63
2017-04-02,62
2017-04-03,60
2017-04-04,59
2017-04-05,59
2017-04-06,60
2017-04-07,61
2017-04-08,63
2017-04-09,62
2017-04-10,62
2017-04-11,59
2017-04-12,58
2017-04-13,58
2017-04-14,59
2017-04-15,60
2017-04-16,59
2017-04-17,59
2017-04-18,60
2017-04-19,61
2017-04-20,61
2017-04-21,64
2017-04-22,64
2017-04-23,64
2017-04-24,63
2017-04-25,61
2017-04-26,61
2017-04-27,60
2017-04-28,60
2017-04-29,61
2017-04-30,60
2017-05-01,61
2017-05-02,59
2017-05-03,59
2017-05-04,60
2017-05-05,62
2017-05-06,63
2017-05-07,60
2017-05-08,60
2017-05-09,60
2017-05-10,60
2017-05-11,62
2017-05-12,64
2017-05-13,66
2017-05-14,65
2017-05-15,65
2017-05-16,62
2017-05-17,63
2017-05-18,62
2017-05-19,62
2017-05-20,63
2017-05-21,63
2017-05-22,62
2017-05-23,62
2017-05-24,61
2017-05-25,61
2017-05-26,60
2017-05-27,60
2017-05-28,59
2017-05-29,57
2017-05-30,59
2017-05-31,59
2017-06-01,56
2017-06-02,58
2017-06-03,58
2017-06-04,57
2017-06-05,57
2017-06-06,55
2017-06-07,55
2017-06-08,55
2017-06-09,55
2017-06-10,55
2017-06-11,55
2017-06-12,57
2017-06-13,56
2017-06-14,57
2017-06-15,58
2017-06-16,59
2017-06-17,61
2017-06-18,60
2017-06-19,60
2017-06-20,59
2017-06-21,60
2017-06-22,61
2017-06-23,62
2017-06-24,64
2017-06-25,63
2017-06-26,62
2017-06-27,62
2017-06-28,62
2017-06-29,60
2017-06-30,60
2017-07-01,60
2017-07-02,60
2017-07-03,61
2017-07-04,61
2017-07-05,62
2017-07-07,62
2017-07-08,60
2017-07-09,61
2017-07-10,63
2017-07-11,62
2017-07-12,62
2017-07-13,61
2017-07-14,59
2017-07-15,59
2017-07-16,60
2017-07-17,61
2017-07-18,62
2017-07-19,62
2017-07-20,61
2017-07-21,60
2017-07-22,60
2017-07-23,62
2017-07-24,62
2017-07-25,62
2017-07-26,63
2017-07-27,63
2017-07-28,62
2017-07-29,60
2017-07-30,58
2017-07-31,57
2017-08-01,57
2017-08-02,57
2017-08-03,55
2017-08-04,55
2017-08-05,57
2017-08-06,57
2017-08-07,58
2017-08-08,58
2017-08-09,56
2017-08-10,58
2017-08-11,58
2017-08-12,58
2017-08-13,60
2017-08-14,61
2017-08-15,62
2017-08-16,62
2017-08-17,64
2017-08-18,65
2017-08-19,64
2017-08-20,63
2017-08-21,64
2017-08-22,64
2017-08-23,65
2017-08-24,63
2017-08-25,63
2017-08-26,62
2017-08-27,60
2017-08-28,59
2017-08-29,61
2017-08-30,59
2017-08-31,57
2017-09-01,57
2017-09-02,57
2017-09-03,59
2017-09-04,57
2017-09-05,58
2017-09-06,58
2017-09-07,59
2017-09-08,59
2017-09-09,58
2017-09-10,57
2017-09-11,56
2017-09-12,57
2017-09-13,59
2017-09-14,61
2017-09-15,62
2017-09-16,62
2017-09-17,62
2017-09-18,62
2017-09-19,61
2017-09-20,59
2017-09-21,59
2017-09-22,61
2017-09-23,59
2017-09-24,57
2017-09-25,56
2017-09-26,57
2017-09-27,56
2017-09-28,56
2017-09-29,56
2017-09-30,56
2017-10-01,57
2017-10-02,58
2017-10-03,59
2017-10-04,59
2017-10-05,59
2017-10-06,58
2017-10-07,60
2017-10-08,60
2017-10-09,61
2017-10-10,60
2017-10-11,61
2017-10-12,61
2017-10-13,62
2017-10-14,64
2017-10-15,63
2017-10-16,61
2017-10-17,59
2017-10-18,59
2017-10-19,60
2017-10-20,60
2017-10-21,60
2017-10-22,60
2017-10-23,59
2017-10-24,61
2017-10-25,60
2017-10-26,59
2017-10-27,59
2017-10-28,59
2017-10-29,59
2017-10-30,59
2017-10-31,59
2017-11-01,59
2017-11-02,61
2017-11-03,62
2017-11-04,63
2017-11-06,62
2017-11-07,63
2017-11-08,63
2017-11-09,64
2017-11-10,64
2017-11-11,64
2017-11-12,64
2017-11-13,66
2017-11-14,66
2017-11-15,66
2017-11-16,67
2017-11-17,65
2017-11-18,66
2017-11-19,67
2017-11-20,67
2017-11-21,66
2017-11-22,63
2017-11-23,63
2017-11-24,63
2017-11-25,63
2017-11-26,61
2017-11-27,61
2017-11-28,61
2017-11-29,65
2017-11-30,67
2017-12-01,67
2017-12-02,67
2017-12-03,66
2017-12-04,66
2017-12-05,66
2017-12-06,63
2017-12-07,63
2017-12-08,63
2017-12-09,65
2017-12-10,66
2017-12-11,66
2017-12-12,65
2017-12-13,65
2017-12-14,69
2017-12-15,69
2017-12-16,67
2017-12-17,67
2017-12-18,67
2017-12-19,66
2017-12-20,64
2017-12-21,63
2017-12-22,62
2017-12-23,60
2017-12-24,60
2017-12-25,61
2017-12-26,61
2017-12-27,61
2017-12-28,59
2017-12-29,59
2017-12-30,59
2017-12-31,59
2018-01-01,60
2018-01-02,59
2018-01-03,59
2018-01-04,58
2018-01-05,58
2018-01-06,58
2018-01-07,59
2018-01-08,60
2018-01-09,61
2018-01-10,63
2018-01-11,62
2018-01-12,62
2018-01-13,61
2018-01-14,61
2018-01-15,62
2018-01-16,62
2018-01-17,61
2018-01-18,62
2018-01-19,61
2018-01-20,60
2018-01-21,60
2018-01-22,61
2018-01-23,60
2018-01-24,59
2018-01-25,59
2018-01-26,59
2018-01-27,58
2018-01-28,57
2018-01-29,58
2018-01-30,58
2018-01-31,59
2018-02-01,58
2018-02-02,59
2018-02-03,59
2018-02-04,58
2018-02-05,59
2018-02-06,59
2018-02-07,59
2018-02-08,59
2018-02-09,60
2018-02-10,61
2018-02-11,61
2018-02-12,60
2018-02-13,60
2018-02-14,60
2018-02-15,59
2018-02-16,59
2018-02-17,58
2018-02-18,59
2018-02-19,59
2018-02-20,59
2018-02-21,57
2018-02-23,56
2018-02-24,56
2018-02-25,56
2018-02-26,53
2018-02-28,55
2018-03-01,56
2018-03-02,56
2018-03-03,56
2018-03-04,58
2018-03-05,58
2018-03-06,59
2018-03-07,59
2018-03-08,61
2018-03-09,60
2018-03-10,60
2018-03-11,61
2018-03-12,60
2018-03-13,59
2018-03-14,60
2018-03-15,60
2018-03-16,59
2018-03-17,58
2018-03-18,57
2018-03-19,55
2018-03-20,56
2018-03-21,54
2018-03-22,54
2018-03-23,55
2018-03-24,57
2018-03-25,56
2018-03-26,55
2018-03-27,55
2018-03-28,55
2018-03-29,56
2018-03-30,55
2018-03-31,54
2018-04-01,56
2018-04-02,55
2018-04-03,56
2018-04-04,55
2018-04-05,55
2018-04-06,55
2018-04-07,56
2018-04-08,56
2018-04-09,57
2018-04-10,58
2018-04-11,57
2018-04-12,57
2018-04-13,57
2018-04-14,57
2018-04-15,58
2018-04-16,59
2018-04-17,59
2018-04-18,59
2018-04-19,59
2018-04-20,59
2018-04-21,57
2018-04-22,56
2018-04-23,55
2018-04-24,54
2018-04-25,53
2018-04-26,54
2018-04-27,54
2018-04-28,54
2018-04-29,56
2018-04-30,56
2018-05-01,55
2018-05-02,56
2018-05-03,56
2018-05-04,58
2018-05-05,59
2018-05-06,58
2018-05-07,58
2018-05-08,58
2018-05-09,58
2018-05-10,59
2018-05-11,60
2018-05-12,59
2018-05-13,60
2018-05-14,61
2018-05-15,60
2018-05-16,61
2018-05-17,61
2018-05-18,60
2018-05-19,58
2018-05-20,58
2018-05-21,58
2018-05-22,56
2018-05-23,57
2018-05-24,57
2018-05-25,55
2018-05-26,54
2018-05-27,54
2018-05-28,54
2018-05-29,54
2018-05-30,54
2018-05-31,54
2018-06-01,54
2018-06-02,53
2018-06-03,53
2018-06-04,54
2018-06-05,54
2018-06-06,55
2018-06-07,56
2018-06-08,55
2018-06-09,56
2018-06-10,56
2018-06-11,57
2018-06-12,57
2018-06-13,58
2018-06-14,60
2018-06-15,61
2018-06-16,60
2018-06-17,60
2018-06-18,59
2018-06-19,58
2018-06-20,57
2018-06-21,57
2018-06-22,56
2018-06-23,58
2018-06-24,57
2018-06-25,55
2018-06-26,54
2018-06-27,55
2018-06-28,57
2018-06-29,57
2018-07-07,58
2018-07-08,60
2018-07-10,60
2018-07-11,61
2018-07-12,61
2018-07-13,61
2018-07-14,61
2018-07-15,64
2018-07-16,63
2018-07-17,61
2018-07-18,61
2018-07-19,59
2018-07-20,58
2018-07-21,57
2018-07-22,59
2018-07-23,59
2018-07-24,59
2018-07-25,59
2018-07-26,57
2018-07-27,58
2018-07-28,56
2018-07-29,57
2018-07-30,56
2018-07-31,56
2018-08-01,56
2018-08-02,57
2018-08-03,56
2018-08-04,56
2018-08-05,56
2018-08-06,58
2018-08-07,60
2018-08-08,62
2018-08-09,62
2018-08-10,61
2018-08-11,64
2018-08-12,63
2018-08-13,60
2018-08-14,59
2018-08-15,57
2018-08-16,58
2018-08-17,58
2018-08-18,59
2018-08-19,58
2018-08-20,57
2018-08-21,57
2018-08-22,58
2018-08-23,58
2018-08-24,57
2018-08-25,56
2018-08-26,56
2018-08-27,56
2018-08-28,56
2018-08-29,56
2018-08-30,59
2018-08-31,60
2018-09-01,61
2018-09-02,62
2018-09-03,63
2018-09-04,64
2018-09-05,63
2018-09-06,62
2018-09-07,62
2018-09-08,62
2018-09-09,62
2018-09-10,62
2018-09-11,63
2018-09-12,62
2018-09-13,60
2018-09-14,58
2018-09-15,58
2018-09-16,57
2018-09-17,57
2018-09-18,57
2018-09-19,56
2018-09-20,55
2018-09-21,56
2018-09-22,59
2018-09-23,58
2018-09-24,60
2018-09-25,60
2018-09-26,61
2018-09-27,63
2018-09-28,61
2018-09-29,61
2018-09-30,61
2018-10-01,61
2018-10-02,63
2018-10-03,65
2018-10-04,65
2018-10-05,65
2018-10-06,65
2018-10-07,65
2018-10-08,65
2018-10-09,62
2018-10-10,60
2018-10-11,60
2018-10-12,59
2018-10-13,58
2018-10-14,60
2018-10-15,59
2018-10-16,58
2018-10-17,60
2018-10-18,59
2018-10-19,59
2018-10-20,60
2018-10-21,59
2018-10-22,59
2018-10-23,58
2018-10-24,58
2018-10-25,60
2018-10-26,60
2018-10-27,62
2018-10-28,64
2018-10-29,63
2018-10-30,62
2018-10-31,62
2018-11-01,64
2018-11-02,64
2018-11-03,65
2018-11-04,65
2018-11-05,68
2018-11-06,68
2018-11-07,67
2018-11-08,65
2018-11-09,63
2018-11-10,61
2018-11-11,60
2018-11-12,60
2018-11-13,60
2018-11-14,60
2018-11-15,61
2018-11-16,62
2018-11-17,62
2018-11-18,61
2018-11-19,60
2018-11-20,61
2018-11-21,63
2018-11-22,63
2018-11-23,63
2018-11-24,63
2018-11-25,63
2018-11-26,63
2018-11-27,63
2018-11-28,63
2018-11-29,65
2018-11-30,65
2018-12-01,65
2018-12-02,64
2018-12-03,64
2018-12-04,63
2018-12-05,64
2018-12-06,65
2018-12-07,64
2018-12-08,64
2018-12-09,62
2018-12-10,61
2018-12-11,60
2018-12-12,60
2018-12-13,60
2018-12-14,61
2018-12-15,60
2018-12-16,60
2018-12-17,60
2018-12-18,60
2018-12-19,60
2018-12-20,63
2018-12-21,63
2018-12-22,60
2018-12-23,59
2018-12-25,59
2018-12-26,60
2018-12-27,60
2018-12-28,60
2018-12-29,61
2018-12-30,61
2018-12-31,65
2019-01-01,65
2019-01-02,62
2019-01-03,60
2019-01-04,60
2019-01-05,60
2019-01-06,60
2019-01-07,59
2019-01-08,60
2019-01-09,60
2019-01-10,60
2019-01-11,62
2019-01-12,62
2019-01-13,61
2019-01-14,61
2019-01-15,61
2019-01-16,61
2019-01-17,61
2019-01-18,60
2019-01-19,60
2019-01-20,60
2019-01-21,59
2019-01-22,59
2019-01-23,60
2019-01-24,60
2019-01-25,60
2019-01-26,59
2019-01-27,59
2019-01-28,60
2019-01-29,61
2019-01-30,61
2019-01-31,61
2019-02-01,61
2019-02-02,61
2019-02-03,63
2019-02-04,63
2019-02-05,64
2019-02-06,66
2019-02-07,66
2019-02-08,67
2019-02-09,66
2019-02-10,65
2019-02-11,64
2019-02-12,64
2019-02-13,61
2019-02-14,63
2019-02-15,62
2019-02-16,61
2019-02-17,61
2019-02-18,61
2019-02-19,61
2019-02-20,61
2019-02-21,62
2019-02-22,62
2019-02-23,61
2019-02-24,59
2019-02-25,58
2019-02-26,58
2019-02-27,59
2019-02-28,61
2019-03-01,59
2019-03-02,60
2019-03-03,60
2019-03-04,59
2019-03-05,60
2019-03-06,60
2019-03-07,63
2019-03-08,61
2019-03-09,60
2019-03-10,60
2019-03-11,60
2019-03-12,61
2019-03-13,61
2019-03-14,61
2019-03-15,60
2019-03-16,60
2019-03-17,58
2019-03-18,58
2019-03-19,58
2019-03-20,57
2019-03-21,57
2019-03-22,56
2019-03-23,58
2019-03-24,56
2019-03-25,56
2019-03-26,56
2019-03-27,55
2019-03-28,57
2019-03-29,58
2019-03-30,60
2019-03-31,60
2019-04-01,58
2019-04-02,59
2019-04-03,59
2019-04-04,58
2019-04-05,58
2019-04-06,57
2019-04-07,58
2019-04-08,57
2019-04-09,57
2019-04-10,58
2019-04-11,58
2019-04-12,57
2019-04-13,57
2019-04-14,58
2019-04-15,59
2019-04-16,59
2019-04-17,57
2019-04-18,56
2019-04-19,57
2019-04-20,57
2019-04-21,57
2019-04-22,57
2019-04-23,55
2019-04-24,54
2019-04-25,53
2019-04-26,53
2019-04-27,53
2019-04-28,53
2019-04-29,52
2019-04-30,53
2019-05-01,53
2019-05-02,54
2019-05-03,55
2019-05-04,55
2019-05-05,56
2019-05-06,56
2019-05-07,57
2019-05-08,56
2019-05-09,57
2019-05-10,58
2019-05-11,59
2019-05-12,58
2019-05-13,60
2019-05-14,62
2019-05-15,64
2019-05-16,66
2019-05-17,67
2019-05-18,65
2019-05-19,63
2019-05-20,62
2019-05-21,61
2019-05-22,59
2019-05-23,58
2019-05-24,57
2019-05-25,57
2019-05-26,56
2019-05-27,56
2019-05-28,55
2019-05-29,55
2019-05-30,56
2019-05-31,55
2019-06-01,56
2019-06-02,56
2019-06-03,57
2019-06-04,56
2019-06-05,55
2019-06-06,56
2019-06-07,57
2019-06-08,57
2019-06-09,57
2019-06-10,58
2019-06-11,58
2019-06-12,58
2019-06-13,57
2019-06-14,59
2019-06-15,59
2019-06-16,61
2019-06-17,60
2019-06-18,61
2019-06-19,61
2019-06-20,62
2019-06-21,62
2019-06-22,60
2019-06-23,59
2019-06-24,57
2019-06-25,58
2019-06-26,56
2019-06-27,56
2019-06-28,55
2019-06-29,54
2019-06-30,53
2019-07-01,54
2019-07-02,53
2019-07-03,52
2019-07-04,52
2019-07-05,53
2019-07-06,52
2019-07-07,52
2019-07-08,52
2019-07-09,52
2019-07-10,52
2019-07-11,52
2019-07-12,53
2019-07-13,53
2019-07-14,54
2019-07-15,54
2019-07-16,56
2019-07-17,57
2019-07-18,57
2019-07-19,58
2019-07-20,58
2019-07-21,57
2019-07-22,55
2019-07-23,55
2019-07-24,55
2019-07-25,55
2019-07-26,54
2019-07-27,54
2019-07-28,53
2019-07-29,52
2019-07-30,52
2019-07-31,51
2019-08-01,52
2019-08-02,51
2019-08-03,51
2019-08-04,50
2019-08-05,50
2019-08-06,51
2019-08-07,50
2019-08-08,51
2019-08-09,50
2019-08-10,51
2019-08-11,51
2019-08-12,51
2019-08-13,50
2019-08-14,50
2019-08-15,50
2019-08-16,52
2019-08-17,53
2019-08-18,55
2019-08-19,59
2019-08-20,62
2019-08-21,65
2019-08-22,63
2019-08-23,60
2019-08-24,58
2019-08-25,57
2019-08-26,59
2019-08-27,58
2019-08-28,58
2019-08-29,57
2019-08-30,57
2019-08-31,56
2019-09-01,55
2019-09-02,55
2019-09-03,52
2019-09-04,52
2019-09-05,51
2019-09-06,51
2019-09-07,52
2019-09-08,52
2019-09-09,54
2019-09-10,54
2019-09-11,54
2019-09-12,56
2019-09-13,56
2019-09-14,56
2019-09-15,56
2019-09-16,56
2019-09-17,56
2019-09-18,58
2019-09-19,57
2019-09-20,56
2019-09-21,55
2019-09-22,56
2019-09-23,56
2019-09-24,58
2019-09-25,57
2019-09-26,57
2019-09-27,56
2019-09-28,55
2019-09-29,55
2019-09-30,54
2019-10-01,53
2019-10-02,53
2019-10-03,55
2019-10-04,56
2019-10-05,57
2019-10-06,58
2019-10-07,59
2019-10-08,59
2019-10-09,58
2019-10-10,60
2019-10-11,62
2019-10-12,62
2019-10-13,60
2019-10-14,59
2019-10-15,59
2019-10-16,58
2019-10-17,60
2019-10-18,58
2019-10-19,57
2019-10-20,56
2019-10-21,55
2019-10-22,55
2019-10-23,55
2019-10-24,57
2019-10-25,57
2019-10-26,56
2019-10-27,58
2019-10-28,58
2019-10-29,59
2019-10-30,59
2019-10-31,59
2019-11-01,59
2019-11-02,60
2019-11-03,59
2019-11-04,58
2019-11-05,57
2019-11-06,59
2019-11-07,62
2019-11-08,60
2019-11-09,60
2019-11-10,57
2019-11-11,57
2019-11-12,57
2019-11-13,56
2019-11-14,56
2019-11-15,56
2019-11-16,54
2019-11-17,54
2019-11-18,54
2019-11-19,55
2019-11-20,55
2019-11-21,56
2019-11-22,57
2019-11-23,58
2019-11-24,60
2019-11-25,59
2019-11-26,59
2019-11-27,58
2019-11-28,59
2019-11-29,59
2019-11-30,59
2019-12-01,60
2019-12-02,61
2019-12-03,62
2019-12-04,62
2019-12-05,63
2019-12-06,62
2019-12-07,63
2019-12-08,63
2019-12-09,62
2019-12-10,60
2019-12-11,60
2019-12-12,58
2019-12-13,57
2019-12-14,56
2019-12-15,56
2019-12-16,55
2019-12-17,58
2019-12-18,56
2019-12-19,57
2019-12-20,57
2019-12-21,58
2019-12-22,57
2019-12-23,57
2019-12-24,58
2019-12-25,58
2019-12-26,57
2019-12-27,57
2019-12-28,59
2019-12-29,60
2019-12-30,59
2019-12-31,60
2020-01-01,59
2020-01-02,59
2020-01-03,60
2020-01-04,59
2020-01-05,58
2020-01-06,58
2020-01-07,58
2020-01-08,59
2020-01-09,59
2020-01-10,58
2020-01-11,58
2020-01-12,59
2020-01-13,58
2020-01-14,58
2020-01-15,58
2020-01-16,59
2020-01-17,58
2020-01-18,59
2020-01-19,56
2020-01-20,56
2020-01-21,54
2020-01-22,54
2020-01-23,54
2020-01-24,54
2020-01-25,54
2020-01-26,54
2020-01-27,54
2020-01-28,53
2020-01-29,53
2020-01-30,53
2020-01-31,53
2020-02-01,54
2020-02-02,54
2020-02-03,53
2020-02-04,54
2020-02-05,56
2020-02-06,56
2020-02-07,57
2020-02-08,57
2020-02-09,60
2020-02-10,59
2020-02-11,58
2020-02-12,58
2020-02-13,58
2020-02-14,59
2020-02-15,58
2020-02-16,58
2020-02-17,58
2020-02-18,59
2020-02-19,58
2020-02-20,56
2020-02-21,56
2020-02-22,56
2020-02-23,54
2020-02-24,53
2020-02-25,53
2020-02-26,53
2020-02-27,52
2020-02-28,52
2020-02-29,53
2020-03-01,52
2020-03-02,52
2020-03-03,51
2020-03-04,52
2020-03-05,51
2020-03-06,54
2020-03-07,53
2020-03-08,53
2020-03-09,55
2020-03-10,55
2020-03-11,55
2020-03-12,55
2020-03-13,54
2020-03-14,53
2020-03-15,53
2020-03-16,52
2020-03-17,52
2020-03-18,52
2020-03-19,52
2020-03-20,52
2020-03-21,53
2020-03-22,53
2020-03-23,54
2020-03-24,54
2020-03-25,55
2020-03-26,56
2020-03-27,55
2020-03-28,56
2020-03-29,56
2020-03-30,56
2020-03-31,57
2020-04-01,57
2020-04-02,57
2020-04-03,56
2020-04-04,56
2020-04-05,57
2020-04-06,56
2020-04-07,55
2020-04-08,54
2020-04-09,54
2020-04-10,55
2020-04-11,56
2020-04-12,56
2020-04-13,55
2020-04-14,53
2020-04-15,54
2020-04-16,55
2020-04-17,55
2020-04-18,55
2020-04-19,56
2020-04-20,56
2020-04-21,56
2020-04-22,56
2020-04-23,55
2020-04-24,56
2020-04-25,56
2020-04-26,56
2020-04-27,56
2020-04-28,54
2020-04-29,52
2020-04-30,52
2020-05-01,52
2020-05-02,52
2020-05-03,54
2020-05-04,52
2020-05-05,52
2020-05-06,51
2020-05-07,52
2020-05-08,52
2020-05-09,52
2020-05-10,52
2020-05-11,51
2020-05-12,51
2020-05-13,52
2020-05-14,52
2020-05-15,53
2020-05-16,52
2020-05-17,53
2020-05-18,53
2020-05-19,54
2020-05-20,54
2020-05-21,55
2020-05-22,54
2020-05-23,53
2020-05-24,52
2020-05-25,52
2020-05-26,53
2020-05-27,52
2020-05-28,52
2020-05-29,51
2020-05-30,52
2020-05-31,52
2020-06-01,52
2020-06-02,53
2020-06-03,52
2020-06-04,51
2020-06-05,51
2020-06-06,51
2020-06-07,51
2020-06-08,51
2020-06-09,52
2020-06-10,52
2020-06-11,52
2020-06-12,52
2020-06-13,54
2020-06-14,54
2020-06-15,54
2020-06-16,54
2020-06-17,55
2020-06-18,55
2020-06-19,54
2020-06-20,57
2020-06-21,58
2020-06-22,58
2020-06-23,58
2020-06-24,58
2020-06-25,57
2020-06-26,57
2020-06-27,58
2020-06-28,56
2020-06-29,55
2020-06-30,55
2020-07-01,55
2020-07-02,54
2020-07-03,52
2020-07-04,51
2020-07-05,50
2020-07-06,50
2020-07-07,50
2020-07-08,51
2020-07-09,51
2020-07-10,52
2020-07-11,52
2020-07-12,55
2020-07-13,57
2020-07-14,59
2020-07-15,59
2020-07-16,60
2020-07-17,58
2020-07-18,59
2020-07-19,58
2020-07-20,56
2020-07-21,55
2020-07-22,53
2020-07-23,54
2020-07-24,53
2020-07-25,55
2020-07-26,55
2020-07-27,56
2020-07-28,54
2020-07-29,54
2020-07-30,55
2020-07-31,55
2020-08-01,55
2020-08-02,56
2020-08-03,55
2020-08-04,56
2020-08-05,57
2020-08-06,57
2020-08-07,57
2020-08-08,58
2020-08-09,58
2020-08-10,56
2020-08-11,55
2020-08-12,54
2020-08-13,53
2020-08-14,53
2020-08-15,53
2020-08-16,53
2020-08-17,53
2020-08-18,53
2020-08-19,54
2020-08-20,54
2020-08-21,54
2020-08-22,54
2020-08-23,54
2020-08-24,55
2020-08-25,55
2020-08-26,56
2020-08-27,56
2020-08-28,57
2020-08-29,59
2020-08-30,58
2020-08-31,59
2020-09-01,60
2020-09-02,60
2020-09-03,59
2020-09-04,59
2020-09-05,59
2020-09-06,58
2020-09-07,58
2020-09-08,59
2020-09-09,61
2020-09-10,59
2020-09-11,59
2020-09-12,58
2020-09-13,59
2020-09-14,59
2020-09-15,59
2020-09-16,60
2020-09-17,60
2020-09-18,61
2020-09-19,60
2020-09-20,58
2020-09-21,56
2020-09-22,55
2020-09-23,54
2020-09-26,55
2020-09-27,53
2020-09-28,53
2020-09-29,52
2020-09-30,52
2020-10-01,52
2020-10-02,53
2020-10-03,52
2020-10-04,52
2020-10-05,53
2020-10-06,54
2020-10-07,53
2020-10-08,54
2020-10-09,54
2020-10-10,56
2020-10-11,56
2020-10-12,56
2020-10-13,55
2020-10-14,55
2020-10-15,55
2020-10-16,55
2020-10-17,54
2020-10-18,55
2020-10-19,55
2020-10-20,55
2020-10-21,56
2020-10-22,56
2020-10-23,55
2020-10-24,56
2020-10-25,56
2020-10-26,55
2020-10-27,56
2020-10-28,55
2020-10-29,54
2020-10-30,53
2020-10-31,54
2020-11-01,54
2020-11-02,55
2020-11-03,55
2020-11-04,54
2020-11-05,55
2020-11-06,54
2020-11-07,53
2020-11-08,52
2020-11-09,52
2020-11-10,52
2020-11-11,52
2020-11-12,53
2020-11-13,53
2020-11-14,54
2020-11-15,56
2020-11-16,57
2020-11-17,57
2020-11-18,57
2020-11-19,58
2020-11-20,58
2020-11-21,60
2020-11-22,58
2020-11-23,58
2020-11-24,57
2020-11-25,54
2020-11-26,53
2020-11-27,53
2020-11-28,55
2020-11-29,55
2020-11-30,55
2020-12-01,55
2020-12-02,54
2020-12-03,54
2020-12-04,54
2020-12-05,55
2020-12-06,55
2020-12-07,57
2020-12-08,56
2020-12-09,57
2020-12-10,57
2020-12-11,58
2020-12-12,57
2020-12-13,56
2020-12-14,59
2020-12-15,60
2020-12-16,62
2020-12-17,64
2020-12-18,64
2020-12-19,64
2020-12-20,62
2020-12-21,60
2020-12-22,59
2020-12-23,58
2020-12-24,58
2020-12-25,60
2020-12-26,62
2020-12-27,63
2020-12-28,62
2020-12-29,61
2020-12-30,61
2020-12-31,61
2021-01-01,63
2021-01-02,61
2021-01-03,60
2021-01-04,60
2021-01-05,60
2021-01-06,58
2021-01-07,59
2021-01-08,59
2021-01-09,61
2021-01-10,60
2021-01-11,58
2021-01-12,58
2021-01-13,56
2021-01-14,54
2021-01-15,53
2021-01-16,53
2021-01-17,52
2021-01-18,52
2021-01-19,53
2021-01-20,52
2021-01-21,52
2021-01-22,52
2021-01-23,52
2021-01-24,53
2021-01-25,53
2021-01-26,53
2021-01-27,54
2021-01-28,54
2021-01-29,55
2021-01-30,57
2021-01-31,58
2021-02-01,58
2021-02-02,56
2021-02-03,56
2021-02-04,58
2021-02-05,55
2021-02-06,54
2021-02-07,56
2021-02-08,56
2021-02-09,56
2021-02-10,56
2021-02-11,56
2021-02-12,56
2021-02-13,56
2021-02-14,57
2021-02-15,59
2021-02-16,60
2021-02-17,60
2021-02-18,60
2021-02-19,61
2021-02-20,61
2021-02-21,60
2021-02-22,59
2021-02-23,59
2021-02-24,57
2021-02-25,56
2021-02-26,55
2021-02-27,54
2021-02-28,53
2021-03-01,52
2021-03-02,52
2021-03-03,51
2021-03-04,52
2021-03-05,52
2021-03-06,53
2021-03-07,53
2021-03-08,53
2021-03-09,52
2021-03-10,52
2021-03-11,52
2021-03-12,51
2021-03-13,53
2021-03-14,51
2021-03-15,51
2021-03-16,52
2021-03-17,54
2021-03-18,56
2021-03-19,56
2021-03-20,58
2021-03-21,57
2021-03-22,56
2021-03-23,54
2021-03-24,55
2021-03-25,54
2021-03-26,54
2021-03-27,52
2021-03-28,51
2021-03-29,51
2021-03-30,52
2021-03-31,54
2021-04-01,54
2021-04-02,55
2021-04-03,56
2021-04-04,55
2021-04-05,54
2021-04-06,54
2021-04-07,54
2021-04-08,55
2021-04-09,56
2021-04-10,55
2021-04-11,57
2021-04-12,56
2021-04-13,57
2021-04-14,60
2021-04-15,61
2021-04-16,61
2021-04-17,59
2021-04-18,58
2021-04-19,56
2021-04-20,55
2021-04-21,55
2021-04-22,54
2021-04-23,53
2021-04-24,53
2021-04-25,53
2021-04-26,55
2021-04-27,56
2021-04-28,57
2021-04-29,57
2021-04-30,56
2021-05-01,56
2021-05-02,55
2021-05-03,54
2021-05-04,54
2021-05-05,54
2021-05-06,55
2021-05-07,55
2021-05-08,55
2021-05-09,56
2021-05-10,55
2021-05-11,56
2021-05-12,55
2021-05-13,54
2021-05-14,53
2021-05-15,52
2021-05-16,52
2021-05-17,52
2021-05-18,52
2021-05-19,51
2021-05-20,51
2021-05-21,51
2021-05-22,51
2021-05-23,51
2021-05-24,51
2021-05-25,53
2021-05-26,53
2021-05-27,53
2021-05-28,54
2021-05-29,54
2021-05-30,56
2021-05-31,57
2021-06-01,58
2021-06-02,59
2021-06-03,60
2021-06-04,60
2021-06-05,60
2021-06-06,60
2021-06-07,61
2021-06-08,61
2021-06-09,61
2021-06-10,61
2021-06-11,61
2021-06-12,61
2021-06-13,60
2021-06-14,59
2021-06-15,57
2021-06-16,56
2021-06-17,55
2021-06-18,54
2021-06-19,54
2021-06-20,54
2021-06-21,55
2021-06-22,54
2021-06-23,54
2021-06-24,53
2021-06-25,54
2021-06-26,54
2021-06-27,54
2021-06-28,55
2021-06-29,56
2021-06-30,57
2021-07-01,58
2021-07-02,59
2021-07-03,60
2021-07-04,59
2021-07-05,58
2021-07-06,58
2021-07-07,59
2021-07-08,60
2021-07-09,59
2021-07-10,60
2021-07-11,61
2021-07-12,62
2021-07-13,59
2021-07-14,57
2021-07-15,58
2021-07-16,57
2021-07-17,59
2021-07-18,60
2021-07-19,62
2021-07-20,60
2021-07-21,58
2021-07-22,57
2021-07-23,56
2021-07-24,56
2021-07-25,56
2021-07-26,54
2021-07-27,55
2021-07-28,56
2021-07-29,58
2021-07-30,61
2021-07-31,61
2021-08-01,62
2021-08-02,62
2021-08-03,61
2021-08-04,60
2021-08-05,60
2021-08-06,59
2021-08-07,57
2021-08-08,55
2021-08-09,54
2021-08-10,54
2021-08-11,54
2021-08-12,54
2021-08-13,54
2021-08-14,56
2021-08-15,57
2021-08-16,56
2021-08-17,55
2021-08-18,55
2021-08-19,54
2021-08-20,55
2021-08-21,54
2021-08-22,54
2021-08-23,54
2021-08-24,53
2021-08-25,56
2021-08-26,55
2021-08-27,55
2021-08-28,55
2021-08-29,54
2021-08-30,54
2021-08-31,55
2021-09-01,55
2021-09-02,55
2021-09-03,57
2021-09-04,57
2021-09-05,56
2021-09-06,55
2021-09-07,57
2021-09-08,56
2021-09-09,54
2021-09-10,53
2021-09-11,53
2021-09-12,52
2021-09-13,53
2021-09-14,55
2021-09-15,55
2021-09-16,54
2021-09-17,54
2021-09-18,55
2021-09-19,55
2021-09-20,57
2021-09-21,57
2021-09-22,57
2021-09-23,58
2021-09-24,60
2021-09-25,60
2021-09-26,59
2021-09-27,58
2021-09-28,58
2021-09-29,58
2021-09-30,57
2021-10-01,57
2021-10-02,59
2021-10-03,58
2021-10-04,58
2021-10-05,58
2021-10-06,58
2021-10-07,58
2021-10-08,58
2021-10-09,58
2021-10-10,58
2021-10-11,57
2021-10-12,58
2021-10-13,57
2021-10-14,55
2021-10-15,55
2021-10-16,55
2021-10-17,55
2021-10-18,55
2021-10-19,55
2021-10-20,56
2021-10-21,56
2021-10-22,55
2021-10-23,55
2021-10-24,55
2021-10-25,56
2021-10-26,55
2021-10-27,55
2021-10-28,55
2021-10-29,54
2021-10-30,55
2021-10-31,55
2021-11-01,55
2021-11-02,55
2021-11-03,55
2021-11-04,57
2021-11-05,58
2021-11-06,59
2021-11-07,58
2021-11-08,58
2021-11-09,59
2021-11-10,60
2021-11-11,61
2021-11-12,60
2021-11-13,62
2021-11-14,62
2021-11-15,62
2021-11-16,61
2021-11-17,60
2021-11-18,59
2021-11-19,58
2021-11-20,58
2021-11-21,58
2021-11-22,58
2021-11-23,57
2021-11-24,57
2021-11-25,57
2021-11-26,58
2021-11-27,58
2021-11-28,58
2021-11-29,58
2021-11-30,58
2021-12-01,58
2021-12-02,58
2021-12-03,58
2021-12-04,58
2021-12-05,61
2021-12-06,61
2021-12-07,61
2021-12-08,61
2021-12-09,59
2021-12-10,59
2021-12-11,60
2021-12-12,59
2021-12-13,59
2021-12-14,58
2021-12-15,56
2021-12-16,56
2021-12-17,56
2021-12-18,56
2021-12-19,55
2021-12-20,55
2021-12-21,57
2021-12-22,57
2021-12-23,57
2021-12-24,58
2021-12-25,58
2021-12-26,61
2021-12-27,60
2021-12-28,60
2021-12-29,60
2021-12-30,60
2021-12-31,60
2022-01-01,60
2022-01-02,61
2022-01-03,59
2022-01-04,60
2022-01-05,60
2022-01-06,60
2022-01-07,60
2022-01-08,59
2022-01-09,58
2022-01-10,55
2022-01-11,54
2022-01-12,54
2022-01-13,54
2022-01-14,54
2022-01-15,53
2022-01-16,53
2022-01-17,53
2022-01-18,54
2022-01-19,54
2022-01-20,54
2022-01-21,54
2022-01-22,54
2022-01-23,54
2022-01-24,54
2022-01-25,54
2022-01-26,54
2022-01-27,55
2022-01-28,56
2022-01-29,56
2022-01-30,56
2022-01-31,57
2022-02-01,57
2022-02-02,58
2022-02-03,58
2022-02-04,58
2022-02-05,58
2022-02-06,58
2022-02-07,60
2022-02-08,60
2022-02-09,59
2022-02-10,59
2022-02-11,58
2022-02-12,57
2022-02-13,56
2022-02-14,56
2022-02-15,56
2022-02-16,56
2022-02-17,56
2022-02-18,56
2022-02-19,56
2022-02-20,56
2022-02-21,56
2022-02-22,56
2022-02-23,56
2022-02-24,57
2022-02-25,58
2022-02-26,58
2022-02-27,57
2022-02-28,57
2022-03-01,56
2022-03-02,55
2022-03-03,55
2022-03-04,56
2022-03-05,57
2022-03-06,59
2022-03-07,59
2022-03-08,58
2022-03-09,58
2022-03-10,57
2022-03-11,55
2022-03-12,54
2022-03-13,52
2022-03-14,52
2022-03-15,52
2022-03-16,53
2022-03-17,53
2022-03-18,53
2022-03-19,52
2022-03-20,53
2022-03-21,53
2022-03-22,53
2022-03-23,53
2022-03-24,53
2022-03-25,53
2022-03-26,54
2022-03-27,53
2022-03-28,54
2022-03-29,54
2022-03-30,55
2022-03-31,55
2022-04-01,57
2022-04-02,57
2022-04-03,57
2022-04-04,56
2022-04-05,58
2022-04-06,59
2022-04-07,58
2022-04-08,57
2022-04-09,55
2022-04-10,56
2022-04-11,55
2022-04-12,55
2022-04-13,54
2022-04-14,56
2022-04-15,55
2022-04-16,56
2022-04-17,57
2022-04-18,56
2022-04-19,56
2022-04-20,56
2022-04-21,57
2022-04-22,57
2022-04-23,58
2022-04-24,60
2022-04-25,60
2022-04-26,63
2022-04-27,61
2022-04-28,58
2022-04-29,56
2022-04-30,56
2022-05-01,55
2022-05-02,56
2022-05-03,56
2022-05-04,57
2022-05-05,59
2022-05-06,59
2022-05-07,61
2022-05-08,61
2022-05-09,59
2022-05-10,58
2022-05-11,56
2022-05-12,55
2022-05-13,54
2022-05-14,53
2022-05-15,54
2022-05-16,52
2022-05-17,53
2022-05-18,53
2022-05-19,54
2022-05-20,53
2022-05-21,53
2022-05-22,55
2022-05-23,54
2022-05-24,54
2022-05-25,54
2022-05-26,54
2022-05-27,54
2022-05-28,54
2022-05-29,54
2022-05-30,54
2022-05-31,53
2022-06-01,54
2022-06-02,56
2022-06-03,58
2022-06-04,60
2022-06-05,62
2022-06-06,64
2022-06-07,64
2022-06-08,63
2022-06-09,62
2022-06-10,63
2022-06-11,61
2022-06-12,59
2022-06-13,57
2022-06-14,56
2022-06-15,55
2022-06-16,57
2022-06-17,56
2022-06-18,55
2022-06-19,55
2022-06-20,53
2022-06-21,53
2022-06-22,53
2022-06-23,53
2022-06-24,52
2022-06-25,52
2022-06-26,51
2022-06-27,51
2022-06-28,51
2022-06-29,52
2022-06-30,53
2022-07-01,55
2022-07-02,56
2022-07-03,58
2022-07-04,57
2022-07-05,58
2022-07-06,60
2022-07-07,60
2022-07-08,59
2022-07-09,61
2022-07-10,63
2022-07-11,65
2022-07-12,65
2022-07-13,68
2022-07-14,65
2022-07-15,63
2022-07-16,61
2022-07-17,59
2022-07-18,56
2022-07-19,55
2022-07-20,54
2022-07-21,53
2022-07-22,52
2022-07-23,53
2022-07-24,54
2022-07-25,53
2022-07-26,54
2022-07-27,55
2022-07-28,55
2022-07-29,55
2022-07-30,55
2022-07-31,55
2022-08-01,56
2022-08-02,58
2022-08-03,57
2022-08-04,57
2022-08-05,57
2022-08-06,57
2022-08-07,59
2022-08-08,60
2022-08-09,60
2022-08-10,60
2022-08-11,60
2022-08-12,59
2022-08-13,58
2022-08-14,59
2022-08-15,59
2022-08-16,58
2022-08-17,57
2022-08-18,55
2022-08-19,54
2022-08-20,53
2022-08-21,53
2022-08-22,53
2022-08-23,54
2022-08-24,55
2022-08-25,57
2022-08-26,55
2022-08-27,54
2022-08-28,56
2022-08-29,57
2022-08-30,61
2022-08-31,59
2022-09-01,58
2022-09-02,59
2022-09-03,59
2022-09-04,61
2022-09-05,60
2022-09-06,59
2022-09-07,58
2022-09-08,56
2022-09-09,56
2022-09-10,57
2022-09-11,57
2022-09-12,56
2022-09-13,57
2022-09-14,57
2022-09-15,56
2022-09-16,56
2022-09-17,57
2022-09-18,56
2022-09-19,57
2022-09-20,59
2022-09-21,61
2022-09-22,61
2022-09-23,61
2022-09-24,60
2022-09-25,59
2022-09-26,58
2022-09-27,56
2022-09-28,55
2022-09-29,54
2022-09-30,54
2022-10-01,54
2022-10-02,54
2022-10-03,53
2022-10-04,54
2022-10-05,54
2022-10-06,54
2022-10-07,53
2022-10-08,53
2022-10-09,54
2022-10-10,55
2022-10-11,55
2022-10-12,55
2022-10-13,55
2022-10-14,56
2022-10-15,58
2022-10-16,59
2022-10-17,60
2022-10-18,60
2022-10-19,60
2022-10-20,60
2022-10-21,60
2022-10-22,61
2022-10-23,61
2022-10-24,60
2022-10-25,61
2022-10-26,62
2022-10-27,61
2022-10-28,60
2022-10-29,59
2022-10-30,59
2022-10-31,61
2022-11-01,61
2022-11-02,59
2022-11-03,57
2022-11-04,56
2022-11-05,56
2022-11-06,55
2022-11-07,57
2022-11-08,56
2022-11-09,56
2022-11-10,55
2022-11-11,56
2022-11-12,56
2022-11-13,57
2022-11-14,56
2022-11-15,56
2022-11-16,56
2022-11-17,57
2022-11-18,58
2022-11-19,58
2022-11-20,57
2022-11-21,56
2022-11-22,56
2022-11-23,56
2022-11-24,56
2022-11-25,58
2022-11-26,60
2022-11-27,61
2022-11-28,59
2022-11-29,58
2022-11-30,58
2022-12-01,58
2022-12-02,57
2022-12-03,58
2022-12-04,59
2022-12-05,58
2022-12-06,57
2022-12-07,57
2022-12-08,58
2022-12-09,59
2022-12-10,59
2022-12-11,58
2022-12-12,57
2022-12-13,57
2022-12-14,56
2022-12-15,57
2022-12-16,59
2022-12-17,57
2022-12-18,58
2022-12-19,57
2022-12-20,57
2022-12-21,56
2022-12-22,56
2022-12-23,56
2022-12-24,56
2022-12-25,56
2022-12-26,56
2022-12-27,57
2022-12-28,59
2022-12-29,59
2022-12-30,61
2022-12-31,61
2023-01-01,63
2023-01-02,62
2023-01-03,60
2023-01-04,59
2023-01-05,60
2023-01-06,59
2023-01-07,60
2023-01-08,59
2023-01-09,59
2023-01-10,61
2023-01-11,63
2023-01-12,63
2023-01-13,62
2023-01-14,61
2023-01-15,60
2023-01-16,59
2023-01-17,58
2023-01-18,58
2023-01-19,58
2023-01-20,58
2023-01-21,58
2023-01-22,57
2023-01-23,54
2023-01-24,54
2023-01-25,54
2023-01-26,54
2023-01-27,53
2023-01-28,54
2023-01-29,55
2023-01-30,56
2023-01-31,56
2023-02-01,56
2023-02-02,56
2023-02-03,56
2023-02-04,56
2023-02-05,56
2023-02-06,57
2023-02-07,58
2023-02-08,58
2023-02-09,60
2023-02-10,61
2023-02-11,62
2023-02-12,62
2023-02-13,62
2023-02-14,60
2023-02-15,61
2023-02-16,62
2023-02-17,62
2023-02-18,61
2023-02-19,61
2023-02-20,62
2023-02-21,63
2023-02-22,64
2023-02-23,64
2023-02-24,62
2023-02-25,62
2023-02-26,61
2023-02-27,58
2023-02-28,56
2023-03-01,55
2023-03-02,53
2023-03-03,53
2023-03-04,55
2023-03-05,54
2023-03-06,53
2023-03-07,52
2023-03-08,51
2023-03-09,51
2023-03-10,51
2023-03-11,53
2023-03-12,52
2023-03-13,55
2023-03-14,55
2023-03-15,54
2023-03-16,55
2023-03-17,55
2023-03-18,55
2023-03-19,58
2023-03-20,59
2023-03-21,58
2023-03-22,57
2023-03-23,57
2023-03-24,55
2023-03-25,55
2023-03-26,55
2023-03-27,54
2023-03-28,54
2023-03-29,56
2023-03-30,58
2023-03-31,59
2023-04-01,59
2023-04-02,59
2023-04-03,58
2023-04-04,59
2023-04-05,60
2023-04-06,60
2023-04-07,58
2023-04-08,56
2023-04-09,54
2023-04-10,53
2023-04-11,54
2023-04-12,54
2023-04-13,54
2023-04-14,54
2023-04-15,54
2023-04-16,54
2023-04-17,54
2023-04-18,54
2023-04-19,53
2023-04-20,54
2023-04-21,53
2023-04-22,53
2023-04-23,52
2023-04-24,52
2023-04-25,53
2023-04-26,55
2023-04-27,57
2023-04-28,56
2023-04-29,55
2023-04-30,55
2023-05-01,56
2023-05-02,57
2023-05-03,55
2023-05-04,57
2023-05-05,57
2023-05-06,58
2023-05-07,60
2023-05-08,60
2023-05-09,60
2023-05-10,61
2023-05-11,60
2023-05-12,60
2023-05-13,59
2023-05-14,58
2023-05-15,56
2023-05-16,55
2023-05-17,54
2023-05-18,55
2023-05-19,54
2023-05-20,53
2023-05-21,53
2023-05-22,52
2023-05-23,53
2023-05-24,55
2023-05-25,54
2023-05-26,54
2023-05-27,54
2023-05-28,53
2023-05-29,53
2023-05-30,54
2023-05-31,54
2023-06-01,54
2023-06-02,54
2023-06-03,54
2023-06-04,55
2023-06-05,57
2023-06-06,56
2023-06-07,57
2023-06-08,56
2023-06-09,56
2023-06-10,56
2023-06-11,57
2023-06-12,58
2023-06-13,59
2023-06-14,59
2023-06-15,60
2023-06-16,61
2023-06-17,60
2023-06-18,60
2023-06-19,60
2023-06-20,58
2023-06-21,57
2023-06-22,56
2023-06-23,55
2023-06-24,55
2023-06-25,53
2023-06-26,53
2023-06-27,53
2023-06-28,52
2023-06-29,53
2023-06-30,53
2023-07-01,52
2023-07-02,52
2023-07-03,53
2023-07-04,54
2023-07-05,53
2023-07-06,54
2023-07-07,54
2023-07-08,54
2023-07-09,54
2023-07-10,54
2023-07-11,54
2023-07-12,53
2023-07-13,54
2023-07-14,54
2023-07-15,55
2023-07-16,55
2023-07-17,55
2023-07-18,55
2023-07-19,55
2023-07-20,56
2023-07-21,56
2023-07-22,57
2023-07-23,57
2023-07-24,58
2023-07-25,58
2023-07-26,57
2023-07-27,57
2023-07-28,56
2023-07-29,57
2023-07-30,58
2023-07-31,58
2023-08-01,60
2023-08-02,61
2023-08-03,62
2023-08-04,62
2023-08-05,61
2023-08-06,58
2023-08-07,57
2023-08-08,57
2023-08-09,57
2023-08-10,57
2023-08-11,58
2023-08-12,59
2023-08-13,59
2023-08-14,58
2023-08-15,56
2023-08-16,54
2023-08-17,55
2023-08-18,53
2023-08-19,54
2023-08-20,55
2023-08-21,55
2023-08-22,55
2023-08-23,54
2023-08-24,54
2023-08-25,54
2023-08-26,56
2023-08-27,55
2023-08-28,57
2023-08-29,57
2023-08-30,57
2023-08-31,58
2023-09-01,58
2023-09-02,60
2023-09-03,61
2023-09-04,62
2023-09-05,61
2023-09-06,61
2023-09-07,59
2023-09-08,56
